Countries,iso3,iso2,Indicators,Unit,1995,1996,1997,1998,1999,2000,2001,2002,2003,2004,2005,2006,2007,2008,2009,2010,2011,2012,2013
Algeria,DZA,DZ,General government expenditure on health,in current NCU per capita,"1,829","2,155","2,339","2,322","2,468","3,326","3,907","3,960","4,460","4,716","5,077","5,752","7,210","9,468","10,013","10,678","13,916","18,173","18,454"
Algeria,DZA,DZ,Social security funds,in current NCU per capita,788,922,"1,041","1,051","1,135","1,182","1,300","1,343","1,489","1,578","1,760","2,093","2,515","3,331","3,314","3,422","4,402","5,291","5,554"
Angola,AGO,AO,General government expenditure on health,in current NCU per capita,<,1,3,3,27,110,385,615,"1,428","2,534","3,092","5,928","5,795","9,368","8,429","7,992","10,444","11,303","17,193"
Angola,AGO,AO,Social security funds,in current NCU per capita,-,-,-,-,-,-,-,-,-,-,-,-,-,-,-,-,-,-,-
Benin,BEN,BJ,General government expenditure on health,in current NCU per capita,"3,821","3,973","3,776","4,292","4,797","4,635","5,894","4,985","5,964","5,875","6,609","6,951","6,999","7,077","7,870","8,766","9,780","10,929","9,824"
Benin,BEN,BJ,Social security funds,in current NCU per capita,16,18,19,25,27,24,25,21,35,28,26,32,33,35,27,21,17,13,15
Botswana,BWA,BW,General government expenditure on health,in current NCU per capita,181,218,284,302,350,482,738,919,603,881,"1,107","1,085","1,163","1,460","1,574","1,681","1,703","1,779","1,905"
Botswana,BWA,BW,Social security funds,in current NCU per capita,:,:,:,:,:,:,:,:,:,:,:,:,:,:,:,:,:,:,:
Burkina Faso,BFA,BF,General government expenditure on health,in current NCU per capita,"2,197","2,467","2,771","3,111","3,567","3,257","3,186","4,102","5,027","6,792","8,787","8,229","9,109","10,219","9,578","11,365","10,876","11,933","13,194"
Burkina Faso,BFA,BF,Social security funds,in current NCU per capita,20,18,13,22,13,27,40,33,31,25,22,25,43,41,47,43,20,22,24
Burundi,BDI,BI,General government expenditure on health,in current NCU per capita,708,729,734,"1,096","1,214","1,478","1,921","1,970","1,801","3,601","4,980","5,912","6,660","7,435","7,568","14,898","16,930","18,125","18,256"
Burundi,BDI,BI,Social security funds,in current NCU per capita,228,235,236,353,416,436,511,591,695,776,"1,019",849,"1,060","1,709","1,743","1,743","2,107","2,459",:
Cameroon,CMR,CM,General government expenditure on health,in current NCU per capita,"2,927","3,047","3,544","3,011","3,316","3,872","4,877","5,831","6,122","5,326","5,403","5,428","5,465","5,593","7,046","8,552","10,499","10,107","11,507"
Cameroon,CMR,CM,Social security funds,in current NCU per capita,113,121,127,146,155,149,169,172,175,177,165,172,190,236,363,219,269,259,295
Cabo Verde Republic of,CPV,CV,General government expenditure on health,in current NCU per capita,"4,013","4,019","4,255","4,757","4,875","5,139","6,025","6,173","6,381","6,568","6,839","8,543","8,539","8,442","9,062","9,797","10,072","10,148","10,081"
Cabo Verde Republic of,CPV,CV,Social security funds,in current NCU per capita,"1,439","1,352","1,281","1,392","1,734","1,795","2,056","2,017","2,045","2,029","2,033","2,372","2,468","2,505","2,508","2,553","2,974","3,003","2,984"
Central African Republic,CAF,CF,General government expenditure on health,in current NCU per capita,"2,799","2,332","2,449","2,342","3,314","3,848","3,503","3,857","3,681","3,239","3,916","3,771","4,569","4,866","3,284","4,579","4,489","4,705","3,240"
Central African Republic,CAF,CF,Social security funds,in current NCU per capita,:,:,:,:,:,:,:,:,:,:,:,:,:,<,:,:,:,:,:
Chad,TCD,TD,General government expenditure on health,in current NCU per capita,"2,073","2,326","2,356","2,211","2,349","3,169","3,483","3,837","4,625","5,549","5,454","4,231","4,840","4,188","4,732","5,337","8,096","7,213","6,778"
Chad,TCD,TD,Social security funds,in current NCU per capita,:,:,:,:,:,:,:,:,:,:,:,:,:,:,:,:,:,:,:
Comoros,COM,KM,General government expenditure on health,in current NCU per capita,"5,366","5,026","4,902","4,147","3,920","3,107","2,444","3,873","4,405","5,009","5,696","6,477","7,364","8,374","4,797","4,196","4,909","8,063","6,248"
Comoros,COM,KM,Social security funds,in current NCU per capita,-,-,-,-,-,-,-,-,-,-,-,-,-,-,-,-,-,-,-
Congo,COG,CG,General government expenditure on health,in current NCU per capita,"7,283","7,998","9,005","8,616","8,344","8,965","8,527","8,256","7,854","9,753","13,001","16,563","16,545","16,968","12,939","20,056","31,855","50,708","50,015"
Congo,COG,CG,Social security funds,in current NCU per capita,-,-,-,-,-,-,-,-,-,-,-,-,-,-,-,-,-,-,-
Côte d'Ivoire,CIV,CI,General government expenditure on health,in current NCU per capita,"6,356","7,869","9,112","9,104","8,678","8,458","6,447","7,270","7,041","7,507","6,578","7,159","7,758","9,081","10,457","10,886","10,089","12,490","14,184"
Côte d'Ivoire,CIV,CI,Social security funds,in current NCU per capita,159,180,180,189,173,172,191,186,246,326,431,569,751,819,683,704,606,819,887
Democratic Republic of the Congo,COD,CD,General government expenditure on health,in current NCU per capita,<,<,<,<,3,13,67,98,498,563,790,"1,131","1,788","3,835","5,778","6,095","6,942","7,194","7,776"
Democratic Republic of the Congo,COD,CD,Social security funds,in current NCU per capita,:,:,:,:,:,:,:,:,:,:,:,:,:,:,<,:,:,:,:
Equatorial Guinea,GNQ,GQ,General government expenditure on health,in current NCU per capita,"6,224","7,121","12,333","13,736","14,639","31,134","26,758","25,389","38,801","53,780","65,627","99,779","125,326","188,567","290,633","251,522","268,865","315,416","274,246"
Equatorial Guinea,GNQ,GQ,Social security funds,in current NCU per capita,-,-,-,-,-,-,-,-,-,-,-,-,-,-,-,-,-,-,-
Eritrea,ERI,ER,General government expenditure on health,in current NCU per capita,23,17,25,28,30,27,29,39,35,41,38,54,58,76,72,81,95,107,115
Eritrea,ERI,ER,Social security funds,in current NCU per capita,-,-,-,-,-,-,-,-,-,-,-,-,-,-,-,-,-,-,-
Ethiopia,ETH,ET,General government expenditure on health,in current NCU per capita,10,10,12,14,17,24,23,24,26,28,36,43,55,67,95,120,186,239,280
Ethiopia,ETH,ET,Social security funds,in current NCU per capita,-,-,-,-,-,-,-,-,-,-,-,-,-,-,-,-,-,-,-
Gabon,GAB,GA,General government expenditure on health,in current NCU per capita,"28,806","33,799","32,588","39,257","29,144","34,001","37,685","34,766","42,118","41,385","40,327","46,412","52,185","50,405","58,474","75,692","102,388","107,555","118,531"
Gabon,GAB,GA,Social security funds,in current NCU per capita,"4,254","4,165","6,631","8,453","5,015","4,935","6,277","5,295","4,614","4,500","5,919","6,415","6,145","6,821","14,534","20,500","27,730","29,129","32,102"
Gambia,GMB,GM,General government expenditure on health,in current NCU per capita,73,68,67,92,97,101,132,124,219,314,360,402,442,479,513,545,574,600,624
Gambia,GMB,GM,Social security funds,in current NCU per capita,-,-,-,-,-,-,-,-,-,-,-,-,-,-,-,-,-,-,-
Ghana,GHA,GH,General government expenditure on health,in current NCU per capita,1,2,2,3,3,3,6,6,8,15,21,26,38,42,57,73,86,106,118
Ghana,GHA,GH,Social security funds,in current NCU per capita,-,-,-,-,-,-,-,-,-,-,5,3,13,11,12,14,15,23,26
Guinea,GIN,GN,General government expenditure on health,in current NCU per capita,"5,815","3,691","3,766","4,978","5,774","6,557","7,882","8,463","9,761","7,651","6,202","10,250","7,224","15,807","28,133","50,162","43,955","61,140","62,163"
Guinea,GIN,GN,Social security funds,in current NCU per capita,54,55,61,54,63,71,157,150,136,211,136,245,305,594,"1,159","2,260","1,983","2,758","2,804"
Guinea-Bissau,GNB,GW,General government expenditure on health,in current NCU per capita,"1,733","2,457","3,079","2,206","1,619","1,206","1,062","2,676","2,638","1,725","2,359","2,276","3,062","2,953","4,819","5,980","4,483","3,923","3,190"
Guinea-Bissau,GNB,GW,Social security funds,in current NCU per capita,23,48,73,30,42,65,58,40,58,48,57,53,57,73,67,65,69,61,49
Kenya,KEN,KE,General government expenditure on health,in current NCU per capita,334,406,426,571,498,670,657,610,644,657,730,823,910,899,"1,180","1,099","1,225","1,437","1,600"
Kenya,KEN,KE,Social security funds,in current NCU per capita,39,31,38,32,77,73,86,58,72,64,63,72,84,90,128,144,160,188,209
Lesotho,LSO,LS,General government expenditure on health,in current NCU per capita,63,75,69,81,86,100,142,141,156,164,150,208,322,414,510,644,820,889,942
Lesotho,LSO,LS,Social security funds,in current NCU per capita,-,-,-,-,-,-,-,-,-,-,-,-,-,-,-,-,-,-,-
Liberia,LBR,LR,General government expenditure on health,in current NCU per capita,:,:,:,85,106,109,137,118,92,194,147,207,356,571,689,639,"1,361",988,"1,234"
Liberia,LBR,LR,Social security funds,in current NCU per capita,:,:,:,-,-,-,-,-,-,-,-,-,-,-,-,-,-,-,-
Madagascar,MDG,MG,General government expenditure on health,in current NCU per capita,"3,006","4,361","5,214","5,289","5,989","8,233","9,753","9,276","8,883","10,943","13,551","16,618","19,462","17,936","17,954","23,592","20,258","16,478","27,102"
Madagascar,MDG,MG,Social security funds,in current NCU per capita,:,:,:,:,:,:,:,:,:,:,:,:,:,:,:,:,:,:,:
Malawi,MWI,MW,General government expenditure on health,in current NCU per capita,40,43,67,96,162,255,236,499,884,"1,300","1,531","1,973","1,644","2,592","3,014","3,046","3,373","4,493","4,772"
Malawi,MWI,MW,Social security funds,in current NCU per capita,-,-,-,-,-,-,-,-,-,-,-,-,-,-,-,-,-,-,-
Mali,MLI,ML,General government expenditure on health,in current NCU per capita,"4,109","4,783","4,213","3,790","3,299","3,814","6,015","5,186","6,030","7,032","7,378","8,233","9,086","9,339","9,830","9,439","10,672","8,331","10,442"
Mali,MLI,ML,Social security funds,in current NCU per capita,:,:,:,:,59,57,34,39,35,52,57,61,63,56,66,67,77,61,77
Mauritania,MRT,MR,General government expenditure on health,in current NCU per capita,"1,744","1,083","1,272","2,107","3,239","3,147","2,210","3,557","2,992","3,891","3,720","3,634","4,260","3,800","4,850","4,974","5,129","6,187","7,124"
Mauritania,MRT,MR,Social security funds,in current NCU per capita,157,167,163,178,198,242,297,338,445,404,436,527,539,632,707,777,844,935,"1,077"
Mauritius,MUS,MU,General government expenditure on health,in current NCU per capita,"1,232","1,324","1,460","1,677","1,730","1,999","2,221","2,598","2,844","3,413","3,385","3,592","3,746","3,998","4,991","6,135","6,438","6,360","6,967"
Mauritius,MUS,MU,Social security funds,in current NCU per capita,:,:,:,:,:,:,:,:,:,:,:,:,:,:,:,:,:,:,:
Mozambique,MOZ,MZ,General government expenditure on health,in current NCU per capita,44,58,77,88,116,155,178,231,229,222,311,330,329,308,318,433,416,467,562
Mozambique,MOZ,MZ,Social security funds,in current NCU per capita,<,<,<,<,<,<,1,1,1,1,1,1,3,7,18,88,138,106,128
Namibia,NAM,NA,General government expenditure on health,in current NCU per capita,339,418,469,514,569,602,549,647,701,683,815,824,"1,125","1,291","1,550","1,740","2,160","2,397","2,464"
Namibia,NAM,NA,Social security funds,in current NCU per capita,5,6,6,7,7,11,12,12,16,22,28,24,26,32,38,43,53,59,61
Niger,NER,NE,General government expenditure on health,in current NCU per capita,"1,404","1,300","1,728","1,935","1,888","1,643","2,178","2,326","2,104","2,223","4,015","4,426","3,851","4,426","4,414","4,077","4,546","4,043","4,938"
Niger,NER,NE,Social security funds,in current NCU per capita,43,39,48,57,61,54,59,65,62,4,62,56,57,59,57,61,66,70,74
Nigeria,NGA,NG,General government expenditure on health,in current NCU per capita,212,240,289,351,437,586,638,552,"1,115","1,953","2,033","2,529","3,369","3,856","3,459","3,156","4,469","4,865","4,989"
Nigeria,NGA,NG,Social security funds,in current NCU per capita,-,-,-,-,-,-,-,-,-,-,-,-,-,-,-,-,-,-,-
Rwanda,RWA,RW,General government expenditure on health,in current NCU per capita,982,"1,342","1,599","2,217","1,610","1,331","1,811","1,936","3,638","3,749","4,886","8,847","10,576","13,699","15,255","18,734","22,279","25,228","26,792"
Rwanda,RWA,RW,Social security funds,in current NCU per capita,67,88,93,90,88,86,127,168,158,189,243,262,324,423,465,"1,569","2,325","2,640","3,013"
Sao Tome and Principe,STP,ST,General government expenditure on health,in current NCU per capita,"30,135","42,102","87,242","101,482","146,889","158,562","170,814","196,116","374,588","364,932","451,026","275,042","267,326","278,829","509,082","570,891","653,222","659,976","585,350"
Sao Tome and Principe,STP,ST,Social security funds,in current NCU per capita,-,-,-,-,-,-,-,-,-,-,-,-,-,-,-,-,-,-,-
Senegal,SEN,SN,General government expenditure on health,in current NCU per capita,"3,578","4,302","3,822","4,145","5,733","6,404","7,545","6,979","7,811","8,198","12,153","13,308","10,596","12,380","11,959","11,719","11,654","11,389","11,770"
Senegal,SEN,SN,Social security funds,in current NCU per capita,378,418,396,440,476,474,552,540,605,683,461,543,440,490,485,508,565,579,588
Seychelles,SYC,SC,General government expenditure on health,in current NCU per capita,"1,355","1,457","1,767","1,720","1,791","1,667","1,689","1,683","1,876","2,052","2,101","2,199","2,378","2,447","3,073","4,118","4,598","6,393","6,111"
Seychelles,SYC,SC,Social security funds,in current NCU per capita,:,:,:,:,:,:,:,:,:,:,:,:,:,:,:,:,:,:,:
Sierra Leone,SLE,SL,General government expenditure on health,in current NCU per capita,"3,880","4,643","5,179","5,270","8,909","12,714","15,610","17,768","18,752","20,674","24,182","20,610","19,336","23,714","32,019","42,166","57,547","53,629","59,395"
Sierra Leone,SLE,SL,Social security funds,in current NCU per capita,-,-,-,-,-,-,-,-,-,-,-,-,-,-,-,-,-,-,-
South Africa,ZAF,ZA,General government expenditure on health,in current NCU per capita,389,419,512,576,656,705,777,855,942,969,"1,100","1,230","1,408","1,652","1,916","2,097","2,319","2,585","2,775"
South Africa,ZAF,ZA,Social security funds,in current NCU per capita,15,16,19,18,23,23,24,32,33,38,40,42,46,45,52,61,65,73,78
South Sudan,SSD,SS,General government expenditure on health,in current NCU per capita,:,:,:,:,:,:,:,:,:,:,:,:,:,21,18,24,26,26,28
South Sudan,SSD,SS,Social security funds,in current NCU per capita,:,:,:,:,:,:,:,:,:,:,:,:,:,:,:,:,:,:,:
Swaziland,SWZ,SZ,General government expenditure on health,in current NCU per capita,181,214,221,244,271,294,317,364,479,532,683,814,913,"1,232","1,310","1,292","1,362","1,579","1,846"
Swaziland,SWZ,SZ,Social security funds,in current NCU per capita,-,-,-,-,-,-,-,-,-,-,-,-,-,-,-,-,-,-,-
Togo,TGO,TG,General government expenditure on health,in current NCU per capita,"2,851","2,916","2,957","3,451","3,024","2,860","2,410","1,815","2,663","3,189","3,817","4,571","4,467","5,710","7,968","9,503","10,086","12,499","14,007"
Togo,TGO,TG,Social security funds,in current NCU per capita,334,342,347,405,355,335,283,262,278,313,386,448,420,421,515,615,652,809,906
Uganda,UGA,UG,General government expenditure on health,in current NCU per capita,"4,379","4,909","5,453","7,355","7,101","8,308","9,612","10,645","10,993","13,632","16,083","18,359","20,467","22,374","21,187","65,595","61,718","61,686","67,941"
Uganda,UGA,UG,Social security funds,in current NCU per capita,-,-,-,-,-,-,-,-,-,-,-,-,-,-,-,-,-,-,-
United Republic of Tanzania,TZA,TZ,General government expenditure on health,in current NCU per capita,"1,545","1,709","1,858","2,537","2,562","3,509","4,185","4,457","6,109","5,649","7,759","17,264","18,608","19,710","23,618","20,228","23,509","26,055","28,631"
United Republic of Tanzania,TZA,TZ,Social security funds,in current NCU per capita,-,-,-,-,-,-,257,193,148,101,426,512,582,631,787,908,"1,055","1,170","1,285"
Zambia,ZMB,ZM,General government expenditure on health,in current NCU per capita,7,9,11,12,25,34,43,51,59,97,84,80,88,118,137,168,206,234,292
Zambia,ZMB,ZM,Social security funds,in current NCU per capita,-,-,-,-,-,-,-,-,-,-,-,-,-,-,-,-,-,-,-
Antigua and Barbuda,ATG,AG,General government expenditure on health,in current NCU per capita,632,615,665,712,750,760,780,772,785,795,962,"1,083","1,217","1,425","1,262","1,368","1,347","1,334","1,158"
Antigua and Barbuda,ATG,AG,Social security funds,in current NCU per capita,-,-,-,-,-,-,-,-,-,-,-,-,-,167,155,139,102,102,102
Argentina,ARG,AR,General government expenditure on health,in current NCU per capita,368,357,374,383,400,382,365,370,421,493,614,758,988,"1,334","1,778","1,871","2,369","3,125","3,968"
Argentina,ARG,AR,Social security funds,in current NCU per capita,228,220,229,228,236,228,214,215,237,278,346,428,559,763,"1,043","1,256","1,518","1,651","2,143"
Bahamas,BHS,BS,General government expenditure on health,in current NCU per capita,334,353,408,469,506,532,531,565,583,634,619,777,774,794,778,759,770,730,714
Bahamas,BHS,BS,Social security funds,in current NCU per capita,-,-,11,10,9,9,9,15,11,16,17,21,20,27,24,24,16,<,<
Barbados,BRB,BB,General government expenditure on health,in current NCU per capita,612,636,645,695,746,792,858,932,928,959,985,"1,069","1,237","1,343","1,367","1,271","1,234","1,230","1,230"
Barbados,BRB,BB,Social security funds,in current NCU per capita,-,-,-,-,-,-,-,-,1,1,2,2,2,2,2,2,2,2,2
Belize,BLZ,BZ,General government expenditure on health,in current NCU per capita,158,124,136,132,129,146,184,182,199,200,217,233,273,307,343,349,350,337,328
Belize,BLZ,BZ,Social security funds,in current NCU per capita,-,-,-,-,-,-,19,36,17,19,18,15,13,37,41,47,47,47,45
Bolivia Plurinational States of ,BOL,BO,General government expenditure on health,in current NCU per capita,120,143,152,179,208,223,232,263,230,253,304,323,341,394,464,491,567,737,942
Bolivia Plurinational States of ,BOL,BO,Social security funds,in current NCU per capita,69,97,103,113,127,138,152,171,114,126,135,144,140,154,178,199,243,376,389
Brazil,BRA,BR,General government expenditure on health,in current NCU per capita,125,143,165,166,187,195,226,265,292,354,400,447,494,585,661,818,914,"1,000","1,127"
Brazil,BRA,BR,Social security funds,in current NCU per capita,-,-,-,-,-,-,-,-,-,-,-,-,-,-,-,-,-,-,-
Canada,CAN,CA,General government expenditure on health,in current NCU per capita,"1,790","1,774","1,828","1,943","2,022","2,194","2,343","2,468","2,645","2,802","2,957","3,111","3,290","3,507","3,698","3,868","3,976","4,034","4,110"
Canada,CAN,CA,Social security funds,in current NCU per capita,25,26,31,33,37,43,46,48,54,57,60,64,67,72,72,75,74,77,79
Chile,CHL,CL,General government expenditure on health,in current NCU per capita,"40,222","45,568","50,146","56,116","59,042","70,822","87,886","88,933","88,873","99,252","107,398","125,658","144,684","164,737","197,578","213,950","234,137","256,814","282,413"
Chile,CHL,CL,Social security funds,in current NCU per capita,"5,980","7,115","8,420","10,621","11,401","13,690","15,919","17,338","9,123","10,750","12,629","13,439","15,093","16,737","18,909","19,334","21,137","23,499","24,854"
Colombia,COL,CO,General government expenditure on health,in current NCU per capita,"85,898","137,062","179,630","222,316","249,527","244,805","261,192","270,804","318,660","295,467","339,968","397,112","439,760","499,513","567,230","583,780","647,656","721,460","757,464"
Colombia,COL,CO,Social security funds,in current NCU per capita,"49,030","78,232","111,096","151,909","173,997","163,510","190,210","196,411","232,038","227,898","258,224","310,214","348,425","408,222","479,085","490,380","539,987","605,975","638,841"
Costa Rica,CRI,CR,General government expenditure on health,in current NCU per capita,"30,161","34,938","39,474","54,213","62,997","69,612","71,956","90,530","102,961","109,901","122,820","144,604","182,213","216,898","257,066","289,901","333,868","357,615","376,540"
Costa Rica,CRI,CR,Social security funds,in current NCU per capita,"26,433","30,180","34,110","42,640","50,280","56,159","63,193","75,072","85,679","92,541","104,421","124,178","157,037","186,903","220,018","249,970","270,209","283,718","301,341"
Cuba,CUB,CU,General government expenditure on health,in current NCU per capita,101,108,114,121,139,151,161,172,181,186,282,332,515,557,623,555,616,526,561
Cuba,CUB,CU,Social security funds,in current NCU per capita,-,-,-,-,-,-,-,-,-,-,-,-,-,-,-,-,:,:,:
Dominica,DMA,DM,General government expenditure on health,in current NCU per capita,353,378,410,413,429,431,431,430,428,428,428,470,503,530,687,751,771,756,795
Dominica,DMA,DM,Social security funds,in current NCU per capita,-,-,-,-,-,-,-,-,-,<,<,-,<,<,<,6,6,1,1
Dominican Republic,DOM,DO,General government expenditure on health,in current NCU per capita,306,357,495,667,807,983,910,"1,042","1,241","1,371","1,622","2,236","2,486","3,075","3,137","3,700","4,517","6,216","6,859"
Dominican Republic,DOM,DO,Social security funds,in current NCU per capita,88,100,112,125,135,167,189,212,294,350,506,558,471,844,861,"1,378","1,428","2,598","3,267"
Ecuador,ECU,EC,General government expenditure on health,in current NCU per capita,41,48,47,32,25,16,27,36,41,48,53,68,83,97,108,124,131,162,235
Ecuador,ECU,EC,Social security funds,in current NCU per capita,15,16,15,5,8,5,9,11,13,20,21,28,29,36,41,47,45,54,98
El Salvador,SLV,SV,General government expenditure on health,in current NCU per capita,41,55,60,71,73,80,82,85,86,95,107,126,123,129,138,148,160,159,177
El Salvador,SLV,SV,Social security funds,in current NCU per capita,:,24,27,33,36,39,38,43,44,48,55,66,59,60,59,62,68,69,71
Grenada,GRD,GD,General government expenditure on health,in current NCU per capita,224,238,257,286,375,476,623,504,476,426,532,586,573,578,614,614,628,601,638
Grenada,GRD,GD,Social security funds,in current NCU per capita,-,-,-,-,-,-,-,-,<,1,2,2,1,1,1,1,3,4,3
Guatemala,GTM,GT,General government expenditure on health,in current NCU per capita,113,115,144,228,304,301,308,306,347,356,404,454,478,526,569,714,666,702,666
Guatemala,GTM,GT,Social security funds,in current NCU per capita,53,61,71,132,155,154,152,155,177,194,204,197,215,230,226,325,322,368,291
Guyana,GUY,GY,General government expenditure on health,in current NCU per capita,"4,999","5,478","6,201","6,317","6,368","8,653","8,545","9,004","9,042","9,365","9,447","11,616","18,212","27,166","27,790","25,806","30,385","31,741","33,971"
Guyana,GUY,GY,Social security funds,in current NCU per capita,330,415,412,449,405,615,544,615,637,661,683,706,727,748,768,773,813,811,821
Haiti,HTI,HT,General government expenditure on health,in current NCU per capita,140,143,162,154,139,152,145,150,211,312,170,285,307,353,577,689,545,285,248
Haiti,HTI,HT,Social security funds,in current NCU per capita,-,-,-,-,-,-,-,-,-,-,-,-,-,-,-,-,-,-,-
Honduras,HND,HN,General government expenditure on health,in current NCU per capita,192,205,249,344,366,615,673,777,"1,020","1,005","1,007","1,023","1,184","1,335","1,680","1,655","1,617","1,914","1,997"
Honduras,HND,HN,Social security funds,in current NCU per capita,31,38,50,55,63,84,96,121,158,193,249,276,334,397,424,402,283,566,564
Jamaica,JAM,JM,General government expenditure on health,in current NCU per capita,"1,785","2,742","3,537","3,748","3,173","4,285","3,557","4,993","4,740","6,362","5,183","6,719","8,287","10,614","11,298","12,526","12,557","15,510","17,475"
Jamaica,JAM,JM,Social security funds,in current NCU per capita,<,<,<,<,<,<,<,<,<,<,<,<,<,<,<,32,33,34,32
Mexico,MEX,MX,General government expenditure on health,in current NCU per capita,479,579,796,996,"1,272","1,446","1,558","1,678","1,894","2,246","2,348","2,538","2,803","3,129","3,424","3,734","3,806","4,219","4,390"
Mexico,MEX,MX,Social security funds,in current NCU per capita,380,443,580,721,879,977,"1,042","1,109","1,268","1,512","1,457","1,527","1,650","1,728","1,870","2,069","2,119","2,325","2,420"
Nicaragua,NIC,NI,General government expenditure on health,in current NCU per capita,279,290,220,275,278,366,392,425,523,581,669,750,933,"1,112","1,272","1,375","1,512","1,846","2,054"
Nicaragua,NIC,NI,Social security funds,in current NCU per capita,42,48,53,63,88,99,123,119,140,174,176,190,257,283,381,475,533,683,750
Panama,PAN,PA,General government expenditure on health,in current NCU per capita,150,153,171,176,174,201,196,214,201,244,239,236,245,327,404,443,453,496,544
Panama,PAN,PA,Social security funds,in current NCU per capita,78,81,90,97,90,100,105,112,112,114,111,120,121,145,144,155,161,164,273
Paraguay,PRY,PY,General government expenditure on health,in current NCU per capita,"78,910","103,882","104,946","135,289","151,404","172,538","152,920","154,904","154,021","178,656","199,151","240,130","278,276","318,727","405,548","449,292","577,026","674,398","656,166"
Paraguay,PRY,PY,Social security funds,in current NCU per capita,"33,230","40,465","47,919","68,358","72,045","90,403","72,290","57,677","62,084","69,142","80,661","90,284","102,655","143,648","146,186","156,097","197,867","238,489","227,998"
Peru,PER,PE,General government expenditure on health,in current NCU per capita,118,133,138,163,184,186,194,202,204,211,240,246,272,305,376,401,416,483,562
Peru,PER,PE,Social security funds,in current NCU per capita,47,50,56,68,85,84,90,96,95,92,103,105,117,142,154,163,167,179,197
Saint Kitts and Nevis,KNA,KN,General government expenditure on health,in current NCU per capita,466,484,501,529,556,640,608,578,547,523,574,805,788,788,811,904,839,876,851
Saint Kitts and Nevis,KNA,KN,Social security funds,in current NCU per capita,-,-,-,-,-,3,2,3,2,2,4,3,3,5,3,2,3,2,2
Saint Lucia,LCA,LC,General government expenditure on health,in current NCU per capita,314,363,326,358,372,386,408,409,396,431,442,532,541,654,798,775,645,829,928
Saint Lucia,LCA,LC,Social security funds,in current NCU per capita,12,13,13,14,19,19,19,19,19,18,18,18,18,17,17,28,28,28,30
Saint Vincent and the Grenadines,VCT,VC,General government expenditure on health,in current NCU per capita,252,265,286,269,287,304,317,373,385,392,405,482,545,679,722,649,684,753,770
Saint Vincent and the Grenadines,VCT,VC,Social security funds,in current NCU per capita,-,-,-,-,-,-,-,-,-,-,-,-,-,-,-,-,-,2,2
Suriname,SUR,SR,General government expenditure on health,in current NCU per capita,18,25,28,38,51,118,148,187,228,274,340,453,470,586,793,825,999,995,"1,039"
Suriname,SUR,SR,Social security funds,in current NCU per capita,10,12,13,15,23,40,53,73,92,111,140,169,196,244,330,344,416,415,434
Trinidad and Tobago,TTO,TT,General government expenditure on health,in current NCU per capita,564,546,548,442,641,744,963,"1,166","1,432","1,635","2,009","1,936","2,442","2,837","2,695","2,894","2,947","3,147","3,080"
Trinidad and Tobago,TTO,TT,Social security funds,in current NCU per capita,-,-,-,-,-,-,-,-,-,-,-,-,-,-,<,<,<,<,-
United States of America,USA,US,General government expenditure on health,in current NCU per capita,"1,717","1,790","1,855","1,883","1,958","2,074","2,275","2,463","2,638","2,820","2,994","3,213","3,392","3,590","3,792","3,936","4,043","4,153","4,307"
United States of America,USA,US,Social security funds,in current NCU per capita,"1,428","1,495","1,553","1,566","1,631","1,736","1,912","2,075","2,230","2,405","2,564","2,767","2,917","3,088","3,279","3,411","3,519","3,625","3,774"
Uruguay,URY,UY,General government expenditure on health,in current NCU per capita,"2,604","2,882","2,439","3,015","5,223","5,104","5,055","5,075","5,028","4,976","5,320","6,258","7,126","9,616","11,069","12,550","13,397","16,571","20,573"
Uruguay,URY,UY,Social security funds,in current NCU per capita,"1,212","1,441",977,"1,173","1,521","1,398","1,297","1,315","1,262","2,598","2,686","3,142","3,550","5,528","4,715","5,545","6,856","9,412","12,952"
Venezuela (Bolivarian Republic of),VEN,VE,General government expenditure on health,in current NCU per capita,11,19,25,31,52,77,87,95,116,187,267,346,475,576,618,630,764,857,851
Venezuela (Bolivarian Republic of),VEN,VE,Social security funds,in current NCU per capita,3,9,12,12,21,27,30,34,41,68,87,112,160,181,210,227,246,266,332
Afghanistan,AFG,AF,General government expenditure on health,in current NCU per capita,:,:,:,:,:,:,:,50,63,108,106,156,181,367,409,464,475,611,645
Afghanistan,AFG,AF,Social security funds,in current NCU per capita,:,:,:,:,:,:,:,-,-,-,-,-,-,-,-,-,-,:,:
Bahrain,BHR,BH,General government expenditure on health,in current NCU per capita,130,128,144,123,126,120,122,127,135,137,147,155,173,200,199,200,201,242,282
Bahrain,BHR,BH,Social security funds,in current NCU per capita,<,<,<,<,1,1,1,1,1,1,1,1,2,3,3,3,3,4,4
Djibouti,DJI,DJ,General government expenditure on health,in current NCU per capita,"2,723","2,480","3,595","4,562","5,900","5,331","4,877","5,005","6,156","7,114","8,010","8,157","10,071","12,376","13,331","12,230","12,946","14,717","14,654"
Djibouti,DJI,DJ,Social security funds,in current NCU per capita,59,61,621,594,602,601,556,631,723,782,806,875,961,"1,181","1,272","1,167","1,235","1,404","1,398"
Egypt,EGY,EG,General government expenditure on health,in current NCU per capita,60,65,78,91,102,113,125,137,129,138,151,194,205,241,279,289,344,373,423
Egypt,EGY,EG,Social security funds,in current NCU per capita,15,17,19,22,24,27,31,34,34,35,36,43,46,52,57,63,67,78,93
Iran (Islamic Republic of),IRN,IR,General government expenditure on health,in current NCU per capita,"52,765","70,851","92,787","113,137","131,098","168,506","223,390","307,276","360,276","434,313","614,924","737,314","905,728","1,148,224","1,466,313","1,655,240","2,190,992","2,384,028","3,247,031"
Iran (Islamic Republic of),IRN,IR,Social security funds,in current NCU per capita,"23,756","37,573","51,208","64,929","75,340","97,407","132,172","185,426","227,148","273,056","339,111","441,041","536,021","541,354","656,922","797,988","916,084","1,125,294","1,532,644"
Iraq,IRQ,IQ,General government expenditure on health,in current NCU per capita,:,32,41,425,837,656,723,466,"15,678","57,792","54,287","54,862","83,883","128,285","126,705","124,968","144,231","199,196","225,977"
Iraq,IRQ,IQ,Social security funds,in current NCU per capita,:,-,-,-,-,-,-,-,-,-,-,-,-,-,-,-,-,2,:
Jordan,JOR,JO,General government expenditure on health,in current NCU per capita,58,60,58,64,61,58,63,67,65,75,81,88,107,143,183,172,180,171,157
Jordan,JOR,JO,Social security funds,in current NCU per capita,5,5,5,6,6,6,6,8,8,8,10,10,13,32,48,44,51,11,13
Kuwait,KWT,KW,General government expenditure on health,in current NCU per capita,158,164,166,161,147,116,159,161,175,175,195,223,214,222,361,258,307,335,353
Kuwait,KWT,KW,Social security funds,in current NCU per capita,-,-,-,-,-,-,-,-,-,-,-,-,-,-,-,-,-,:,:
Lebanon,LBN,LB,General government expenditure on health,in current NCU per capita,"252,131","331,874","396,703","264,721","244,674","257,677","294,972","305,809","282,080","263,391","256,342","248,785","259,432","286,186","367,293","357,514","370,246","462,921","482,599"
Lebanon,LBN,LB,Social security funds,in current NCU per capita,"76,262","119,553","131,113","120,457","120,443","119,214","161,738","178,744","151,300","177,795","164,355","166,442","194,806","177,003","184,462","179,550","183,912","182,212","189,958"
Libya,LBY,LY,General government expenditure on health,in current NCU per capita,38,47,56,53,51,63,87,159,168,180,186,209,239,274,315,363,246,593,387
Libya,LBY,LY,Social security funds,in current NCU per capita,:,:,:,:,:,:,:,:,:,:,:,:,:,:,:,:,:,:,:
Morocco,MAR,MA,General government expenditure on health,in current NCU per capita,132,144,132,155,158,168,210,210,225,242,252,326,381,421,479,499,523,555,540
Morocco,MAR,MA,Social security funds,in current NCU per capita,-,-,-,-,-,-,-,-,-,-,-,78,91,99,105,110,128,136,133
Oman,OMN,OM,General government expenditure on health,in current NCU per capita,75,80,77,74,80,86,84,89,92,94,101,104,124,143,161,183,180,187,209
Oman,OMN,OM,Social security funds,in current NCU per capita,-,-,-,-,-,-,-,-,-,-,-,-,-,-,-,:,:,:,:
Pakistan,PAK,PK,General government expenditure on health,in current NCU per capita,127,153,156,146,152,174,170,259,224,265,304,403,450,535,623,819,955,"1,142","1,243"
Pakistan,PAK,PK,Social security funds,in current NCU per capita,7,8,8,9,9,10,10,12,11,12,14,18,18,19,22,25,29,33,36
Qatar,QAT,QA,General government expenditure on health,in current NCU per capita,"1,372","1,561","1,699","1,540","1,539","1,715","2,006","2,279","4,526","4,870","5,004","4,975","4,893","4,860","4,701","4,219","4,973","6,175","6,232"
Qatar,QAT,QA,Social security funds,in current NCU per capita,-,-,-,-,-,-,-,-,-,-,-,-,-,-,-,-,-,-,:
Saudi Arabia,SAU,SA,General government expenditure on health,in current NCU per capita,443,507,568,552,862,"1,071","1,070","1,001","1,020","1,043","1,235","1,469","1,508","1,397","1,674","1,642","2,257","2,678","1,945"
Saudi Arabia,SAU,SA,Social security funds,in current NCU per capita,:,:,:,:,:,:,:,:,:,:,:,:,:,:,:,:,:,:,:
Somalia,SOM,SO,General government expenditure on health,in current NCU per capita,"11,818","15,430","20,230","25,344","29,375","29,111","28,912",:,:,:,:,:,:,:,:,:,:,:,:
Somalia,SOM,SO,Social security funds,in current NCU per capita,-,-,-,-,-,-,-,:,:,:,:,:,:,:,:,:,:,:,:
Sudan,SDN,SD,General government expenditure on health,in current NCU per capita,2,5,6,8,7,10,11,13,17,24,29,39,57,81,81,89,101,91,115
Sudan,SDN,SD,Social security funds,in current NCU per capita,-,<,<,<,1,1,1,2,3,3,3,5,7,9,9,10,11,10,12
Syrian Arab Republic,SYR,SY,General government expenditure on health,in current NCU per capita,872,915,923,994,"1,032","1,099","1,257","1,361","1,533","1,540","1,721","1,683","1,922","1,886","1,955","1,954","2,106","2,187","2,166"
Syrian Arab Republic,SYR,SY,Social security funds,in current NCU per capita,:,:,:,:,:,:,:,:,:,:,:,:,:,:,:,:,:,:,:
Tunisia,TUN,TN,General government expenditure on health,in current NCU per capita,60,68,67,78,83,91,93,95,102,114,119,133,143,162,196,227,250,270,297
Tunisia,TUN,TN,Social security funds,in current NCU per capita,15,13,14,18,22,26,26,30,36,47,50,57,65,80,104,128,141,152,167
United Arab Emirates,ARE,AE,General government expenditure on health,in current NCU per capita,"2,141","2,130","2,161","2,076","2,055","2,123","2,355","2,144","2,266","2,161","2,189","2,313","2,393","2,810","3,112","2,945","3,134","3,136","4,051"
United Arab Emirates,ARE,AE,Social security funds,in current NCU per capita,-,-,-,-,-,-,-,-,-,-,-,-,-,-,-,-,-,-,:
Yemen,YEM,YE,General government expenditure on health,in current NCU per capita,509,893,"1,071","1,382","1,691","2,241","2,412","2,484","2,843","2,728","2,809","3,310","3,522","4,379","3,471","3,874","3,851","4,532","3,992"
Yemen,YEM,YE,Social security funds,in current NCU per capita,-,-,-,-,-,-,-,-,-,-,-,-,-,-,-,-,-,-,:
Albania,ALB,AL,General government expenditure on health,in current NCU per capita,"1,147","1,646","1,958","2,598","3,588","3,628","4,100","4,319","4,746","6,385","7,084","7,256","8,035","9,223","10,286","9,746","11,750","11,716","12,227"
Albania,ALB,AL,Social security funds,in current NCU per capita,90,385,486,728,786,740,911,"1,104","1,127","1,791","2,253","1,964","3,196","3,527","7,292","6,909","8,709","8,684","9,063"
Andorra,AND,AD,General government expenditure on health,in current NCU per capita,672,759,861,"1,210",883,925,971,"1,047","1,097","1,164","1,256","1,441","1,538","1,480","1,442","1,789","1,790","2,035","1,672"
Andorra,AND,AD,Social security funds,in current NCU per capita,567,639,677,726,772,815,837,862,920,979,"1,090","1,264","1,353","1,302","1,000","1,010","1,027",493,405
Armenia,ARM,AM,General government expenditure on health,in current NCU per capita,"3,235","3,378","3,608","5,048","5,146","3,814","6,116","6,087","8,115","8,856","14,172","18,159","22,112","21,149","21,275","22,450","24,712","25,274","27,075"
Armenia,ARM,AM,Social security funds,in current NCU per capita,-,-,-,-,-,-,-,-,-,-,-,-,-,-,-,-,-,-,-
Austria,AUT,AT,General government expenditure on health,in current NCU per capita,"1,550","1,584","1,707","1,807","1,920","1,975","2,024","2,070","2,132","2,245","2,347","2,426","2,574","2,725","2,821","2,868","2,974","3,075","3,096"
Austria,AUT,AT,Social security funds,in current NCU per capita,908,928,"1,000","1,058","1,125","1,157","1,185","1,212","1,249","1,315","1,365","1,408","1,495","1,560","1,586","1,598","1,643","1,694","1,706"
Azerbaijan,AZE,AZ,General government expenditure on health,in current NCU per capita,4,5,5,4,5,5,5,6,7,10,13,19,32,37,53,55,61,71,71
Azerbaijan,AZE,AZ,Social security funds,in current NCU per capita,-,-,-,-,-,-,-,-,-,-,-,-,-,-,-,-,-,-,-
Belarus,BLR,BY,General government expenditure on health,in current NCU per capita,571,887,"1,967","3,196","14,221","42,335","82,055","120,985","181,841","253,197","338,153","366,691","451,233","525,853","562,051","747,737","1,091,910","2,179,909","2,699,248"
Belarus,BLR,BY,Social security funds,in current NCU per capita,-,-,-,-,-,-,-,-,-,-,-,-,-,-,-,-,-,-,-
Belgium,BLR,BY,General government expenditure on health,in current NCU per capita,"1,200","1,291","1,275","1,331","1,409","1,494","1,583","1,627","1,880","2,004","2,074","2,119","2,213","2,410","2,556","2,600","2,695","2,776","2,907"
Belgium,BLR,BY,Social security funds,in current NCU per capita,"1,000","1,072","1,057","1,146","1,201","1,275","1,351","1,442","1,582","1,714","1,754","1,793","1,893","2,056","2,178","2,229","2,314","2,374","2,487"
Bosnia and Herzegovina,BIH,BA,General government expenditure on health,in current NCU per capita,28,59,65,68,109,125,142,159,207,213,221,258,311,384,438,447,473,484,463
Bosnia and Herzegovina,BIH,BA,Social security funds,in current NCU per capita,28,58,63,66,106,122,138,155,202,203,208,241,300,365,387,403,426,440,452
Bulgaria,BGR,BG,General government expenditure on health,in current NCU per capita,4,7,77,101,117,126,160,195,215,227,261,263,315,376,366,401,410,445,485
Bulgaria,BGR,BG,Social security funds,in current NCU per capita,-,-,<,<,11,15,53,74,101,115,140,178,207,235,236,275,281,340,370
Croatia,HRV,HR,General government expenditure on health,in current NCU per capita,"1,466","1,723","1,584","2,045","2,324","2,646","2,698","2,435","2,830","3,097","3,718","4,087","4,841","5,274","5,382","5,387","4,385","4,452","4,481"
Croatia,HRV,HR,Social security funds,in current NCU per capita,"1,387","1,591","1,544","1,997","2,265","2,582","2,635","2,380","2,774","3,033","3,111","3,276","3,551","4,055","4,147","4,011","4,106","4,164","4,192"
Cyprus,CYP,CY,General government expenditure on health,in current NCU per capita,186,200,226,290,315,340,371,426,503,488,487,517,539,630,701,736,756,708,657
Cyprus,CYP,CY,Social security funds,in current NCU per capita,<,<,<,<,<,<,<,<,1,1,1,1,1,9,10,11,11,10,10
Czech Republic,CZE,CZ,General government expenditure on health,in current NCU per capita,"9,030","9,921","10,567","11,618","11,999","12,593","13,796","15,479","16,892","17,683","18,498","19,039","19,847","20,944","23,688","22,556","23,025","23,217","22,286"
Czech Republic,CZE,CZ,Social security funds,in current NCU per capita,"7,571","8,697","9,455","10,475","10,723","11,266","12,496","13,922","14,860","15,765","16,679","17,040","17,916","19,074","21,437","20,445","21,253","21,517","20,653"
Denmark,DNK,DK,General government expenditure on health,in current NCU per capita,"13,109","13,784","14,311","14,715","17,169","17,711","19,128","20,164","20,920","22,148","23,569","25,254","26,234","27,606","29,472","30,004","29,870","30,818","30,055"
Denmark,DNK,DK,Social security funds,in current NCU per capita,-,-,-,-,-,-,-,-,-,-,-,-,-,-,-,-,-,-,-
Estonia,EST,EE,General government expenditure on health,in current NCU per capita,108,148,176,173,176,179,191,210,240,275,317,365,467,572,546,537,564,609,629
Estonia,EST,EE,Social security funds,in current NCU per capita,:,:,:,:,151,155,165,181,207,239,274,309,397,476,473,464,487,527,544
Finland,FIN,FI,General government expenditure on health,in current NCU per capita,"1,060","1,115","1,164","1,207","1,249","1,315","1,437","1,565","1,658","1,756","1,871","1,970","2,039","2,168","2,219","2,227","2,343","2,428","2,522"
Finland,FIN,FI,Social security funds,in current NCU per capita,187,204,216,231,240,256,281,308,332,358,371,389,404,438,440,437,453,464,479
France,FRA,FR,General government expenditure on health,in current NCU per capita,"1,664","1,701","1,729","1,778","1,833","1,904","1,988","2,113","2,151","2,254","2,333","2,396","2,482","2,547","2,636","2,683","2,745","2,796","2,840"
France,FRA,FR,Social security funds,in current NCU per capita,"1,568","1,601","1,626","1,677","1,730","1,795","1,875","1,986","2,059","2,156","2,234","2,289","2,369","2,430","2,505","2,556","2,613","2,660","2,702"
Georgia,GEO,GE,General government expenditure on health,in current NCU per capita,2,7,14,12,13,15,20,23,24,28,43,55,56,77,93,108,95,99,125
Georgia,GEO,GE,Social security funds,in current NCU per capita,1,1,6,4,6,7,9,11,15,18,19,29,35,58,77,85,65,68,86
Germany,DEU,DE,General government expenditure on health,in current NCU per capita,"1,867","1,958","1,931","1,964","2,017","2,060","2,129","2,193","2,230","2,179","2,233","2,281","2,361","2,462","2,613","2,705","2,747","2,816","2,896"
Germany,DEU,DE,Social security funds,in current NCU per capita,"1,540","1,649","1,670","1,709","1,760","1,799","1,856","1,915","1,947","1,900","1,956","2,007","2,083","2,174","2,309","2,397","2,438","2,500","2,576"
Greece,GRC,GR,General government expenditure on health,in current NCU per capita,378,418,452,477,535,591,716,753,837,862,"1,013","1,135","1,186","1,266","1,439","1,256","1,237","1,082","1,124"
Greece,GRC,GR,Social security funds,in current NCU per capita,86,101,122,179,189,271,296,312,364,404,503,578,614,656,879,760,727,625,650
Hungary,HUN,HU,General government expenditure on health,in current NCU per capita,"34,085","39,240","46,840","53,673","59,151","65,012","73,962","89,697","112,545","116,860","128,974","135,383","128,146","132,232","129,817","138,243","141,723","140,757","150,143"
Hungary,HUN,HU,Social security funds,in current NCU per capita,"27,283","32,352","38,773","44,786","49,572","54,527","61,588","72,947","92,341","97,980","108,527","114,331","105,006","109,533","108,652","116,777","119,364","117,295","125,117"
Iceland,ISL,IS,General government expenditure on health,in current NCU per capita,"117,551","124,112","130,007","154,889","181,859","188,693","206,290","237,340","247,722","257,371","268,966","292,412","319,740","354,565","370,934","362,106","372,338","387,752","405,587"
Iceland,ISL,IS,Social security funds,in current NCU per capita,"40,976","44,294","39,870","51,326","57,254","63,057","64,769","76,199","80,346","87,014","89,961","97,924","104,548","120,676","132,355","131,888","136,952","138,716","160,444"
Ireland,IRL,IE,General government expenditure on health,in current NCU per capita,712,755,882,978,"1,107","1,281","1,562","1,803","1,987","2,170","2,283","2,392","2,602","2,741","2,592","2,229","2,103","2,145","2,157"
Ireland,IRL,IE,Social security funds,in current NCU per capita,9,9,10,11,12,15,15,16,16,18,16,23,21,22,22,11,5,4,4
Israel,ISR,IL,General government expenditure on health,in current NCU per capita,:,:,:,"3,481","3,610","3,794","3,986","4,085","3,907","3,934","4,017","4,269","4,343","4,608","4,844","5,104","5,280","5,521","5,553"
Israel,ISR,IL,Social security funds,in current NCU per capita,:,:,:,"2,571","2,632","2,752","2,808","2,930","2,761","2,821","2,899","3,089","3,151","3,324","3,472","3,658","3,802","3,964","3,986"
Italy,ITA,IT,General government expenditure on health,in current NCU per capita,861,924,"1,004","1,046","1,097","1,230","1,349","1,420","1,461","1,599","1,691","1,777","1,776","1,885","1,910","1,946","1,898","1,874","1,854"
Italy,ITA,IT,Social security funds,in current NCU per capita,4,4,4,1,1,2,4,2,2,2,3,3,3,3,5,4,6,7,7
Kazakhstan,KAZ,KZ,General government expenditure on health,in current NCU per capita,"1,926","2,549","3,328","3,608","3,154","3,780","4,389","4,992","6,299","9,039","12,706","15,466","14,891","23,330","28,640","34,629","38,906","44,915","46,972"
Kazakhstan,KAZ,KZ,Social security funds,in current NCU per capita,:,350,935,701,:,:,:,:,:,:,:,:,:,:,:,:,:,:,:
Kyrgyzstan,KGZ,KG,General government expenditure on health,in current NCU per capita,108,126,166,180,224,273,292,324,344,428,476,734,976,"1,132","1,447","1,533","1,959","2,380","2,485"
Kyrgyzstan,KGZ,KG,Social security funds,in current NCU per capita,-,-,1,7,17,27,29,39,46,85,79,453,583,694,911,929,"1,256","1,526","1,593"
Latvia,LVA,LV,General government expenditure on health,in current NCU per capita,40,45,52,61,67,65,69,81,90,120,146,218,284,303,246,238,267,272,287
Latvia,LVA,LV,Social security funds,in current NCU per capita,:,:,:,:,:,:,:,:,:,:,:,:,:,:,:,:,:,:,-
Lithuania,LTU,LT,General government expenditure on health,in current NCU per capita,295,367,470,583,577,590,638,726,822,711,853,"1,090","1,387","1,667","1,586","1,529","1,660","1,647","1,671"
Lithuania,LTU,LT,Social security funds,in current NCU per capita,51,70,73,525,518,521,538,557,613,618,726,909,"1,110","1,345","1,326","1,289","1,409","1,402","1,422"
Luxembourg,LUX,LU,General government expenditure on health,in current NCU per capita,"1,920","2,016","2,042","2,161","2,437","3,232","3,206","3,819","3,722","4,206","4,431","4,771","4,585","5,024","5,070","5,163","5,149","4,904","5,030"
Luxembourg,LUX,LU,Social security funds,in current NCU per capita,"1,601","1,700","1,755","1,787","2,266","2,295","2,534","2,819","3,027","3,397","3,478","3,589","3,680","4,079","4,222","4,322","4,321","4,102","4,207"
Malta,MLT,MT,General government expenditure on health,in current NCU per capita,315,354,399,425,442,516,527,622,664,688,768,806,779,776,786,832,"1,075",946,995
Malta,MLT,MT,Social security funds,in current NCU per capita,:,:,:,:,:,:,:,:,:,:,:,:,:,:,:,29,29,25,27
Monaco,MCO,MC,General government expenditure on health,in current NCU per capita,"2,118","2,110","2,252","2,270","2,526","2,531","2,650","2,753","3,284","3,469","3,528","3,572","3,616","3,952","4,108","4,282","4,350","4,490","4,642"
Monaco,MCO,MC,Social security funds,in current NCU per capita,"2,069","2,061","2,204","2,222","2,478","2,484","2,604","2,708","3,239","3,419","3,475","3,516","3,557","3,892","4,055","4,227","4,294","4,432","4,583"
Montenegro,MNE,ME,General government expenditure on health,in current NCU per capita,75,57,64,66,67,91,126,131,164,169,178,196,197,199,174,209,218,227,199
Montenegro,MNE,ME,Social security funds,in current NCU per capita,75,56,63,65,66,90,125,129,154,167,174,191,189,187,158,189,195,202,178
Netherlands,NLD,NL,General government expenditure on health,in current NCU per capita,"1,171","1,122","1,185","1,197","1,243","1,323","1,459","1,600","1,761","1,802","2,216","2,782","2,944","3,142","3,288","3,413","3,459","3,616","3,695"
Netherlands,NLD,NL,Social security funds,in current NCU per capita,"1,096","1,051","1,109","1,125","1,165","1,242","1,369","1,500","1,660","1,695","2,053","2,610","2,667","2,845","2,973","3,090","3,124","3,299","3,425"
Norway,NOR,NO,General government expenditure on health,in current NCU per capita,"14,398","15,577","17,403","19,632","21,492","22,978","25,100","27,683","29,345","30,714","32,085","33,721","36,241","39,002","40,613","41,796","44,022","46,071","48,778"
Norway,NOR,NO,Social security funds,in current NCU per capita,"2,823","2,930","3,048","3,368","3,553","3,921","4,312","5,040","5,292","5,670","5,287","5,121","5,311","5,390","5,565","5,891","5,737","5,898","5,951"
Poland,POL,PL,General government expenditure on health,in current NCU per capita,349,472,538,600,702,752,858,953,963,"1,030","1,109","1,204","1,376","1,654","1,820","1,856","1,915","1,935","1,968"
Poland,POL,PL,Social security funds,in current NCU per capita,-,-,-,-,586,622,720,822,828,850,927,"1,010","1,161","1,412","1,567","1,600","1,636","1,668","1,697"
Portugal,PRT,PT,General government expenditure on health,in current NCU per capita,413,472,513,563,625,769,808,862,919,975,"1,034","1,029","1,071","1,088","1,148","1,220","1,117",997,992
Portugal,PRT,PT,Social security funds,in current NCU per capita,:,:,:,:,:,13,13,13,15,16,15,17,18,20,22,16,17,17,17
Republic of Moldova,MDA,MD,General government expenditure on health,in current NCU per capita,87,121,125,108,98,142,168,251,303,371,437,588,734,949,"1,026","1,079","1,196","1,332","1,530"
Republic of Moldova,MDA,MD,Social security funds,in current NCU per capita,:,:,:,:,:,:,:,:,3,260,308,414,529,720,886,950,"1,016","1,133","1,301"
Romania,ROU,RO,General government expenditure on health,in current NCU per capita,8,12,38,47,83,127,186,263,413,468,598,658,847,"1,112","1,091","1,233","1,225","1,303","1,336"
Romania,ROU,RO,Social security funds,in current NCU per capita,:,:,30,38,68,104,153,215,338,388,503,568,716,927,882,985,"1,005","1,081","1,108"
Russian Federation,ROU,RO,General government expenditure on health,in current NCU per capita,381,537,795,767,"1,174","1,616","2,037","2,625","3,007","3,646","4,850","6,283","7,992","9,816","11,170","11,888","14,096","14,449","14,703"
Russian Federation,ROU,RO,Social security funds,in current NCU per capita,131,192,244,280,421,652,805,"1,063","1,190","1,436","2,038","2,658","3,096","4,208","5,009","5,302","6,636","5,621","5,720"
San Marino,VCT,VC,General government expenditure on health,in current NCU per capita,"1,540","1,598","1,625","1,737","1,928","2,013","2,101","2,758","2,178","2,376","2,385","2,390","2,469","2,369","2,147","2,136","2,242","2,631","2,545"
San Marino,VCT,VC,Social security funds,in current NCU per capita,"1,525","1,583","1,609","1,720","1,909","2,013","2,101","2,097","1,997","2,046","2,053","2,018","2,107","2,030","1,867","1,835","1,906","1,933","1,856"
Serbia,SEN,SN,General government expenditure on health,in current NCU per capita,309,555,730,985,"1,251","2,345","5,144","8,009","9,406","11,032","13,517","15,709","19,611","23,259","24,102","26,258","28,285","29,941","24,392"
Serbia,SEN,SN,Social security funds,in current NCU per capita,285,512,673,908,"1,153","2,162","4,743","7,385","8,581","10,089","12,530","14,609","18,318","21,493","22,535","24,737","26,351","27,979","22,820"
Slovakia,SLE,SL,General government expenditure on health,in current NCU per capita,194,229,235,252,269,284,310,343,388,447,481,514,593,676,701,709,722,747,767
Slovakia,SLE,SL,Social security funds,in current NCU per capita,186,222,227,243,253,268,294,331,363,386,422,460,533,611,630,640,647,673,691
Slovenia,SLE,SL,General government expenditure on health,in current NCU per capita,302,349,399,448,505,571,655,736,797,847,894,949,994,"1,166","1,207","1,167","1,177","1,151","1,124"
Slovenia,SLE,SL,Social security funds,in current NCU per capita,284,325,371,417,466,535,613,678,729,775,819,860,897,"1,050","1,068","1,065","1,078","1,051","1,051"
Spain,SSD,SS,General government expenditure on health,in current NCU per capita,611,649,678,719,768,813,867,919,"1,072","1,146","1,234","1,345","1,434","1,551","1,630","1,614","1,554","1,465","1,369"
Spain,SSD,SS,Social security funds,in current NCU per capita,144,131,91,85,72,78,80,68,80,86,91,97,100,102,99,102,100,96,90
Sweden,SWZ,SZ,General government expenditure on health,in current NCU per capita,"14,166","14,955","15,055","15,937","16,973","17,753","19,006","20,610","21,733","21,926","22,602","23,627","24,886","26,249","27,181","27,580","28,650","29,138","30,149"
Sweden,SWZ,SZ,Social security funds,in current NCU per capita,-,-,-,-,-,-,-,-,-,-,-,-,-,-,-,-,:,:,-
Switzerland,SWZ,SZ,General government expenditure on health,in current NCU per capita,"2,729","2,890","2,965","3,067","3,182","3,315","3,601","3,771","3,931","4,045","4,173","4,183","4,345","5,013","5,190","5,237","5,371","5,598","5,675"
Switzerland,SWZ,SZ,Social security funds,in current NCU per capita,"1,915","2,044","2,129","2,223","2,301","2,413","2,541","2,609","2,730","2,872","3,000","3,039","3,152","3,579","3,656","3,716","3,774","3,872","3,925"
Tajikistan,SYR,SY,General government expenditure on health,in current NCU per capita,<,1,1,2,2,3,4,5,7,9,12,15,21,33,41,52,66,85,102
Tajikistan,SYR,SY,Social security funds,in current NCU per capita,:,:,:,:,:,:,:,:,:,:,:,:,:,:,:,:,:,:,:
The former Yugoslav Republic of Macedonia,SYR,SY,General government expenditure on health,in current NCU per capita,"4,447","4,738","5,330","6,457","5,488","5,801","5,660","6,471","6,748","6,784","7,057","7,799","7,905","9,383","8,795","8,929","9,428","9,809","9,967"
The former Yugoslav Republic of Macedonia,SYR,SY,Social security funds,in current NCU per capita,"4,315","4,608","5,201","6,324","5,345","5,648","5,496","6,295","6,588","6,602","6,763","7,242","7,288","8,647","8,064","8,182","8,650","8,994","9,133"
Turkey,TUN,TN,General government expenditure on health,in current NCU per capita,3,6,14,28,46,78,124,193,250,303,335,415,495,597,656,668,740,785,896
Turkey,TUN,TN,Social security funds,in current NCU per capita,1,2,5,14,25,43,68,111,150,184,188,235,270,341,385,438,448,503,574
Turkmenistan,TUN,TN,General government expenditure on health,in current NCU per capita,1,8,18,22,22,37,45,48,69,76,76,72,77,95,135,153,207,232,294
Turkmenistan,TUN,TN,Social security funds,in current NCU per capita,-,<,1,1,1,2,3,3,5,5,5,5,5,6,9,10,13,15,19
Ukraine,UGA,UG,General government expenditure on health,in current NCU per capita,54,77,78,73,78,100,129,165,226,281,357,451,607,781,847,"1,039","1,162","1,284","1,361"
Ukraine,UGA,UG,Social security funds,in current NCU per capita,-,-,-,-,-,-,-,-,1,1,1,2,3,6,4,5,7,8,8
United Kingdom,ARE,AE,General government expenditure on health,in current NCU per capita,725,764,756,805,881,921,"1,000","1,094","1,190","1,306","1,402","1,507","1,576","1,699","1,849","1,871","1,878","1,911","1,923"
United Kingdom,ARE,AE,Social security funds,in current NCU per capita,-,-,-,-,-,-,-,-,:,:,:,:,:,:,:,:,:,:,-
Uzbekistan,URY,UY,General government expenditure on health,in current NCU per capita,475,885,"1,355","1,725","2,435","3,299","5,004","7,129","9,165","10,759","13,934","19,346","24,298","34,489","45,990","61,813","79,096","105,983","128,219"
Uzbekistan,URY,UY,Social security funds,in current NCU per capita,:,:,:,:,:,:,:,:,:,:,:,:,:,:,:,:,:,:,:
Bangladesh,BHR,BH,General government expenditure on health,in current NCU per capita,162,170,160,167,177,192,222,245,244,283,288,346,371,405,467,554,624,671,871
Bangladesh,BHR,BH,Social security funds,in current NCU per capita,-,-,-,-,-,-,-,-,-,-,-,-,-,-,-,-,-,-,-
Bhutan,BEN,BJ,General government expenditure on health,in current NCU per capita,513,"1,077","1,425","1,580","1,664","1,862","1,877","2,882","1,762","1,604","2,312","2,621","3,727","4,399","4,250","4,597","4,878","3,548","3,883"
Bhutan,BEN,BJ,Social security funds,in current NCU per capita,-,-,-,-,-,-,-,-,-,-,-,-,-,-,-,-,-,-,-
India,ISL,IS,General government expenditure on health,in current NCU per capita,141,153,178,206,233,243,251,254,270,292,326,377,438,526,663,746,843,948,"1,159"
India,ISL,IS,Social security funds,in current NCU per capita,22,24,32,37,42,42,45,47,51,55,57,65,76,95,29,37,49,61,72
Indonesia,ISL,IS,General government expenditure on health,in current NCU per capita,"16,270","19,552","21,146","33,260","42,150","47,051","74,870","72,178","93,721","96,989","99,266","133,824","192,680","212,487","240,679","294,614","330,522","400,567","434,912"
Indonesia,ISL,IS,Social security funds,in current NCU per capita,"1,667","1,822","2,515","2,827","2,831","2,953","6,097","5,307","7,104","8,033","16,708","29,490","34,110","33,040","40,846","47,833","60,209","70,647","76,704"
Maldives,MWI,MW,General government expenditure on health,in current NCU per capita,642,761,827,856,970,"1,097","1,083","1,120","1,270","1,468","1,780","2,275","2,547","4,338","4,415","3,088","3,407","6,225","6,373"
Maldives,MWI,MW,Social security funds,in current NCU per capita,-,-,-,-,-,-,-,-,-,-,-,-,-,29,30,29,756,"3,515","3,652"
Myanmar,MOZ,MZ,General government expenditure on health,in current NCU per capita,54,58,63,66,90,159,188,413,437,561,466,987,"1,050","1,286","1,577","2,296","2,466","4,038","4,879"
Myanmar,MOZ,MZ,Social security funds,in current NCU per capita,1,1,1,1,3,5,6,11,9,8,10,15,17,18,20,75,74,121,147
Nepal,NAM,NA,General government expenditure on health,in current NCU per capita,150,168,191,347,266,217,291,306,298,332,369,505,548,738,894,"1,085","1,390","1,207","1,581"
Nepal,NAM,NA,Social security funds,in current NCU per capita,-,-,-,-,-,-,10,10,12,12,28,76,:,:,:,-,-,-,-
Sri Lanka,SSD,SS,General government expenditure on health,in current NCU per capita,587,669,726,"1,014","1,016","1,208","1,275","1,402","1,538","2,074","2,229","2,805","3,094","3,346","3,540","4,195","4,319","4,361","5,810"
Sri Lanka,SSD,SS,Social security funds,in current NCU per capita,1,<,1,1,2,3,5,4,4,4,4,1,2,3,4,4,5,5,6
Thailand,SYR,SY,General government expenditure on health,in current NCU per capita,"1,178","1,403","1,695","1,556","1,444","1,505","1,522","2,008","2,097","2,274","2,472","3,024","3,510","4,085","4,163","4,324","5,068","6,097","6,507"
Thailand,SYR,SY,Social security funds,in current NCU per capita,84,100,107,141,128,142,179,176,202,229,302,330,340,371,427,447,472,558,593
Timor-Leste,SYR,SY,General government expenditure on health,in current NCU per capita,:,:,:,:,:,12,12,12,17,20,26,39,32,46,40,35,35,64,54
Timor-Leste,SYR,SY,Social security funds,in current NCU per capita,:,:,:,:,:,:,:,-,-,-,-,-,-,-,-,-,-,-,-
Australia,ARM,AM,General government expenditure on health,in current NCU per capita,"1,394","1,474","1,591","1,678","1,850","1,977","2,096","2,283","2,378","2,611","2,753","2,949","3,198","3,445","3,638","3,850","4,132","4,147","4,216"
Australia,ARM,AM,Social security funds,in current NCU per capita,-,-,-,-,-,-,-,-,-,-,-,-,-,-,-,-,-,-,-
Brunei Darussalam,BRA,BR,General government expenditure on health,in current NCU per capita,522,719,751,794,765,810,763,775,838,930,956,938,987,"1,060","1,026","1,061","1,067","1,086","1,119"
Brunei Darussalam,BRA,BR,Social security funds,in current NCU per capita,-,-,-,-,-,-,-,-,-,-,-,-,-,-,-,-,-,-,-
Cambodia,CPV,CV,General government expenditure on health,in current NCU per capita,"8,171","20,139","16,885","12,634","12,573","14,893","15,650","19,459","33,678","37,313","29,542","20,800","27,000","30,615","37,057","42,839","44,852","55,225","62,541"
Cambodia,CPV,CV,Social security funds,in current NCU per capita,:,:,:,:,:,:,:,:,:,:,:,:,:,:,:,:,:,15,15
China,CHL,CL,General government expenditure on health,in current NCU per capita,87,101,112,121,129,136,138,159,182,219,253,300,405,538,678,794,989,"1,136","1,268"
China,CHL,CL,Social security funds,in current NCU per capita,56,63,68,67,70,78,76,87,97,121,137,172,255,359,438,509,663,772,878
Cook Islands,COG,CG,General government expenditure on health,in current NCU per capita,373,325,259,300,272,348,546,450,509,494,588,553,581,598,652,702,588,556,578
Cook Islands,COG,CG,Social security funds,in current NCU per capita,-,-,-,-,-,-,-,-,-,-,-,-,-,-,-,-,-,-,-
Fiji,ETH,ET,General government expenditure on health,in current NCU per capita,88,101,110,107,119,143,122,141,145,167,181,195,183,185,195,208,202,218,234
Fiji,ETH,ET,Social security funds,in current NCU per capita,-,-,-,-,-,-,-,-,-,-,-,-,-,-,-,-,-,-,-
Japan,JAM,JM,General government expenditure on health,in current NCU per capita,"226,263","235,517","234,956","236,598","242,141","249,508","252,310","250,004","250,948","254,480","263,235","258,039","265,028","273,960","285,752","296,551","306,938","313,714","317,633"
Japan,JAM,JM,Social security funds,in current NCU per capita,"187,039","196,984","195,334","196,332","200,863","211,885","214,691","213,324","214,146","218,366","226,898","224,461","232,394","241,462","249,951","259,769","268,270","272,881","276,290"
Kiribati,KEN,KE,General government expenditure on health,in current NCU per capita,91,98,106,89,114,107,123,133,151,155,145,141,156,186,152,146,144,139,142
Kiribati,KEN,KE,Social security funds,in current NCU per capita,-,-,-,-,-,-,-,-,-,-,-,-,-,-,-,-,-,-,-
Lao People's Democratic Republic,KGZ,KG,General government expenditure on health,in current NCU per capita,"7,214","9,245","15,784","22,594","22,473","29,544","31,983","34,529","48,150","35,390","36,852","70,238","69,627","76,135","141,054","89,011","79,514","68,922","125,453"
Lao People's Democratic Republic,KGZ,KG,Social security funds,in current NCU per capita,61,53,58,116,231,364,"1,401","2,061","2,835","3,734","2,657","3,039","3,640","4,117","4,615","6,182","2,475","2,900","3,922"
Malaysia,MWI,MW,General government expenditure on health,in current NCU per capita,167,186,194,206,221,258,293,307,397,396,356,456,487,546,599,645,658,714,732
Malaysia,MWI,MW,Social security funds,in current NCU per capita,1,1,1,1,2,2,2,3,3,4,3,3,4,4,4,5,6,7,9
Marshall Islands,MLT,MT,General government expenditure on health,in current NCU per capita,309,353,352,328,320,409,354,356,346,380,389,472,506,483,465,450,470,487,526
Marshall Islands,MLT,MT,Social security funds,in current NCU per capita,90,103,103,96,94,143,126,121,47,47,57,69,74,72,75,57,71,69,88
Micronesia (Federated States of),MEX,MX,General government expenditure on health,in current NCU per capita,179,164,139,131,145,159,179,167,207,222,266,264,271,292,324,358,375,365,368
Micronesia (Federated States of),MEX,MX,Social security funds,in current NCU per capita,20,18,15,17,23,34,33,31,41,46,61,65,60,59,57,57,64,68,67
Mongolia,MCO,MC,General government expenditure on health,in current NCU per capita,"7,367","9,665","12,236","13,973","15,540","19,546","22,433","24,018","30,034","37,112","40,597","49,200","64,621","97,915","96,000","120,854","152,052","197,805","223,800"
Mongolia,MCO,MC,Social security funds,in current NCU per capita,"2,710","3,680","4,120","5,821","4,060","4,710","7,076","8,821","6,487","7,771","8,873","10,365","10,614","20,173","22,189","29,614","32,659","41,970","44,220"
Nauru,NAM,NA,General government expenditure on health,in current NCU per capita,582,498,477,477,468,468,487,506,495,396,395,420,496,769,605,575,591,757,692
Nauru,NAM,NA,Social security funds,in current NCU per capita,-,-,-,-,-,-,-,-,-,-,-,-,-,-,-,-,-,-,-
New Zealand,NLD,NL,General government expenditure on health,in current NCU per capita,"1,414","1,441","1,529","1,626","1,695","1,814","1,925","2,124","2,191","2,394","2,611","2,859","3,042","3,346","3,623","3,791","3,908","4,047","4,113"
New Zealand,NLD,NL,Social security funds,in current NCU per capita,-,-,-,-,-,-,-,-,-,233,266,303,341,384,424,384,369,422,429
Niue,NGA,NG,General government expenditure on health,in current NCU per capita,525,673,616,591,718,689,"3,432",983,972,"1,213",934,"5,323","1,702","2,235","2,656","1,653","2,277","1,539","1,510"
Niue,NGA,NG,Social security funds,in current NCU per capita,-,-,-,-,-,-,-,-,-,-,-,-,-,-,-,-,-,-,-
Palau,PAK,PK,General government expenditure on health,in current NCU per capita,527,616,607,494,505,532,536,514,538,633,610,662,691,689,644,735,690,753,776
Palau,PAK,PK,Social security funds,in current NCU per capita,-,-,-,-,-,-,-,-,-,-,-,-,-,-,-,-,-,-,-
Papua New Guinea,PAN,PA,General government expenditure on health,in current NCU per capita,40,44,38,48,57,59,71,75,71,80,76,72,68,82,86,95,106,162,169
Papua New Guinea,PAN,PA,Social security funds,in current NCU per capita,-,-,-,-,-,-,-,-,-,-,-,-,-,-,-,-,-,-,-
Philippines,PER,PE,General government expenditure on health,in current NCU per capita,373,443,520,545,610,704,650,579,719,792,993,"1,042","1,061","1,139","1,353","1,516","1,334","1,471","1,633"
Philippines,PER,PE,Social security funds,in current NCU per capita,42,54,61,48,69,104,117,131,163,189,226,219,225,237,304,363,412,536,614
Republic of Korea,QAT,QA,General government expenditure on health,in current NCU per capita,"131,141","165,657","191,775","214,982","251,999","279,668","382,042","399,427","435,145","475,035","538,574","628,239","703,266","758,549","878,808","986,549","1,022,343","1,058,411","1,098,812"
Republic of Korea,QAT,QA,Social security funds,in current NCU per capita,"104,203","131,747","151,541","169,137","192,311","216,104","303,380","313,319","342,987","374,188","414,844","477,818","538,813","580,692","670,383","756,976","799,096","823,444","854,909"
Samoa,VCT,VC,General government expenditure on health,in current NCU per capita,111,110,136,168,191,201,205,223,220,242,252,305,369,343,377,437,481,492,560
Samoa,VCT,VC,Social security funds,in current NCU per capita,1,1,1,1,1,1,<,1,1,2,2,2,3,3,3,3,-,-,-
Singapore,SLE,SL,General government expenditure on health,in current NCU per capita,521,530,547,639,566,514,353,421,535,454,474,509,548,673,861,870,898,"1,026","1,249"
Singapore,SLE,SL,Social security funds,in current NCU per capita,21,22,23,23,22,25,19,20,63,62,81,90,82,113,129,134,139,145,148
Solomon Islands,SLE,SL,General government expenditure on health,in current NCU per capita,148,152,169,190,206,231,308,309,310,318,489,449,478,517,697,723,591,699,688
Solomon Islands,SLE,SL,Social security funds,in current NCU per capita,-,-,-,-,-,-,-,-,-,-,-,-,-,-,-,-,-,-,-
Tonga,TGO,TG,General government expenditure on health,in current NCU per capita,72,79,84,93,120,113,154,153,189,188,283,280,266,269,234,250,235,273,296
Tonga,TGO,TG,Social security funds,in current NCU per capita,-,-,-,-,-,-,-,-,-,-,-,-,-,-,-,-,-,-,-
Tuvalu,TUN,TN,General government expenditure on health,in current NCU per capita,137,194,157,182,203,277,248,213,632,504,527,594,552,488,453,592,650,540,729
Tuvalu,TUN,TN,Social security funds,in current NCU per capita,-,-,-,-,-,-,-,-,-,-,-,-,-,-,-,-,-,-,-
Vanuatu,URY,UY,General government expenditure on health,in current NCU per capita,"3,555","2,974","4,148","5,707","5,036","5,537","5,522","5,480","5,335","5,151","4,889","5,557","7,750","8,691","9,598","12,021","9,733","9,276","10,171"
Vanuatu,URY,UY,Social security funds,in current NCU per capita,-,-,-,-,-,-,-,-,-,-,-,-,-,-,-,-,-,-,-
Viet Nam,VEN,VE,General government expenditure on health,in current NCU per capita,"52,928","57,541","64,354","78,983","85,811","89,200","103,488","101,691","123,346","128,886","152,739","240,777","369,271","390,970","513,615","717,512","867,226","908,651","974,756"
Viet Nam,VEN,VE,Social security funds,in current NCU per capita,"3,723","5,508","7,289","13,726","13,598","17,531","18,021","19,903","27,010","36,979","51,096","93,489","119,309","144,522","179,161","264,793","343,602","336,477","360,956"
