"to.DONOR","to.obsValue","to.obsTime","to.RECIPIENT"
"United Kingdom",69928000,2006,"Central Emergency Response Fund"
"Netherlands",51860000,2006,"Central Emergency Response Fund"
"Sweden",41093250,2006,"Central Emergency Response Fund"
"Norway",29993971,2006,"Central Emergency Response Fund"
"Canada",21941309,2006,"Central Emergency Response Fund"
"Ireland",12601974,2006,"Central Emergency Response Fund"
"United States of America",1e+07,2006,"Central Emergency Response Fund"
"Spain",9999984,2006,"Central Emergency Response Fund"
"Denmark",8401243,2006,"Central Emergency Response Fund"
"Australia",7600000,2006,"Central Emergency Response Fund"
"Japan",7500000,2006,"Central Emergency Response Fund"
"Finland",5154000,2006,"Central Emergency Response Fund"
"Republic of Korea",5e+06,2006,"Central Emergency Response Fund"
"Luxembourg",4e+06,2006,"Central Emergency Response Fund"
"Switzerland",3928097,2006,"Central Emergency Response Fund"
"Belgium",2666194,2006,"Central Emergency Response Fund"
"Qatar",2e+06,2006,"Central Emergency Response Fund"
"France",1263800,2006,"Central Emergency Response Fund"
"India",1e+06,2006,"Central Emergency Response Fund"
"Turkey",3e+05,2006,"Central Emergency Response Fund"
"South Africa",288577,2006,"Central Emergency Response Fund"
"Portugal",254220,2006,"Central Emergency Response Fund"
"Poland",250000,2006,"Central Emergency Response Fund"
"Kuwait",2e+05,2006,"Central Emergency Response Fund"
"Iceland",150000,2006,"Central Emergency Response Fund"
"Czech Republic",113302,2006,"Central Emergency Response Fund"
"Greece",1e+05,2006,"Central Emergency Response Fund"
"Nigeria",1e+05,2006,"Central Emergency Response Fund"
"Liechtenstein",1e+05,2006,"Central Emergency Response Fund"
"Estonia",52102,2006,"Central Emergency Response Fund"
"Saudi Arabia",50000,2006,"Central Emergency Response Fund"
"Indonesia",50000,2006,"Central Emergency Response Fund"
"Malaysia",50000,2006,"Central Emergency Response Fund"
"Mexico",50000,2006,"Central Emergency Response Fund"
"Andorra",25440,2006,"Central Emergency Response Fund"
"Monaco",25000,2006,"Central Emergency Response Fund"
"Kazakhstan",25000,2006,"Central Emergency Response Fund"
"Ecuador",20000,2006,"Central Emergency Response Fund"
"Pakistan",20000,2006,"Central Emergency Response Fund"
"Azerbaijan",20000,2006,"Central Emergency Response Fund"
"Trinidad and Tobago",20000,2006,"Central Emergency Response Fund"
"Egypt",15000,2006,"Central Emergency Response Fund"
"Grenada",10000,2006,"Central Emergency Response Fund"
"Slovenia",10000,2006,"Central Emergency Response Fund"
"Thailand",10000,2006,"Central Emergency Response Fund"
"Sri Lanka",10000,2006,"Central Emergency Response Fund"
"Antigua and Barbuda",5000,2006,"Central Emergency Response Fund"
"Bangladesh",5000,2006,"Central Emergency Response Fund"
"Morocco",5000,2006,"Central Emergency Response Fund"
"Croatia",5000,2006,"Central Emergency Response Fund"
"Armenia",5000,2006,"Central Emergency Response Fund"
"Djibouti",2000,2006,"Central Emergency Response Fund"
"Hyogo Prefecture Japan",424989,2006,"Central Emergency Response Fund"
"Disaster Resource Network",10000,2006,"Central Emergency Response Fund"
"United Kingdom",83726040,2007,"Central Emergency Response Fund"
"Norway",55066049,2007,"Central Emergency Response Fund"
"Netherlands",53400000,2007,"Central Emergency Response Fund"
"Sweden",51045498,2007,"Central Emergency Response Fund"
"Canada",35116374,2007,"Central Emergency Response Fund"
"Ireland",26273974,2007,"Central Emergency Response Fund"
"Spain",20692484,2007,"Central Emergency Response Fund"
"Australia",8760000,2007,"Central Emergency Response Fund"
"Denmark",8742384,2007,"Central Emergency Response Fund"
"Switzerland",8194982,2007,"Central Emergency Response Fund"
"Finland",6726000,2007,"Central Emergency Response Fund"
"Germany",6597500,2007,"Central Emergency Response Fund"
"Luxembourg",5610800,2007,"Central Emergency Response Fund"
"Belgium",2988914,2007,"Central Emergency Response Fund"
"Italy",2670400,2007,"Central Emergency Response Fund"
"Republic of Korea",1500000,2007,"Central Emergency Response Fund"
"France",1312100,2007,"Central Emergency Response Fund"
"India",1e+06,2007,"Central Emergency Response Fund"
"New Zealand",762700,2007,"Central Emergency Response Fund"
"Iceland",558618,2007,"Central Emergency Response Fund"
"Poland",510000,2007,"Central Emergency Response Fund"
"China",5e+05,2007,"Central Emergency Response Fund"
"Austria",401430,2007,"Central Emergency Response Fund"
"Romania",359625,2007,"Central Emergency Response Fund"
"Turkey",3e+05,2007,"Central Emergency Response Fund"
"Portugal",268540,2007,"Central Emergency Response Fund"
"South Africa",240000,2007,"Central Emergency Response Fund"
"Liechtenstein",123244,2007,"Central Emergency Response Fund"
"Czech Republic",121353,2007,"Central Emergency Response Fund"
"Malaysia",1e+05,2007,"Central Emergency Response Fund"
"Indonesia",1e+05,2007,"Central Emergency Response Fund"
"Mexico",50000,2007,"Central Emergency Response Fund"
"Bahamas",50000,2007,"Central Emergency Response Fund"
"Slovenia",50000,2007,"Central Emergency Response Fund"
"Saudi Arabia",50000,2007,"Central Emergency Response Fund"
"Brunei Darussalam",50000,2007,"Central Emergency Response Fund"
"Kazakhstan",50000,2007,"Central Emergency Response Fund"
"Estonia",39739,2007,"Central Emergency Response Fund"
"Monaco",35000,2007,"Central Emergency Response Fund"
"Israel",30000,2007,"Central Emergency Response Fund"
"Brazil",30000,2007,"Central Emergency Response Fund"
"Chile",30000,2007,"Central Emergency Response Fund"
"Cyprus",30000,2007,"Central Emergency Response Fund"
"Andorra",29735,2007,"Central Emergency Response Fund"
"Trinidad and Tobago",20000,2007,"Central Emergency Response Fund"
"Ecuador",20000,2007,"Central Emergency Response Fund"
"Colombia",20000,2007,"Central Emergency Response Fund"
"Croatia",20000,2007,"Central Emergency Response Fund"
"Azerbaijan",20000,2007,"Central Emergency Response Fund"
"Pakistan",19967,2007,"Central Emergency Response Fund"
"Egypt",15000,2007,"Central Emergency Response Fund"
"Sri Lanka",10000,2007,"Central Emergency Response Fund"
"Hungary",10000,2007,"Central Emergency Response Fund"
"Bulgaria",10000,2007,"Central Emergency Response Fund"
"Malta",10000,2007,"Central Emergency Response Fund"
"Algeria",10000,2007,"Central Emergency Response Fund"
"Thailand",10000,2007,"Central Emergency Response Fund"
"Jamaica",5000,2007,"Central Emergency Response Fund"
"Armenia",5000,2007,"Central Emergency Response Fund"
"Antigua and Barbuda",5000,2007,"Central Emergency Response Fund"
"Peru",5000,2007,"Central Emergency Response Fund"
"Morocco",5000,2007,"Central Emergency Response Fund"
"Philippines",5000,2007,"Central Emergency Response Fund"
"Lebanon",3000,2007,"Central Emergency Response Fund"
"Djibouti",2000,2007,"Central Emergency Response Fund"
"El Salvador",2000,2007,"Central Emergency Response Fund"
"Maldives",1000,2007,"Central Emergency Response Fund"
"Hyogo Prefecture Japan",435578,2007,"Central Emergency Response Fund"
"Private Donations through UNF",117959,2007,"Central Emergency Response Fund"
"Jan Egeland",17240,2007,"Central Emergency Response Fund"
"Humanity First",10000,2007,"Central Emergency Response Fund"
"Disaster Resource Network",9978,2007,"Central Emergency Response Fund"
"Private donations outside United Nations Foundation (under $10,000)",8107,2007,"Central Emergency Response Fund"
"United Kingdom",80239000,2008,"Central Emergency Response Fund"
"Netherlands",63900000,2008,"Central Emergency Response Fund"
"Sweden",56264400,2008,"Central Emergency Response Fund"
"Norway",55258765,2008,"Central Emergency Response Fund"
"Spain",45531968,2008,"Central Emergency Response Fund"
"Canada",39037523,2008,"Central Emergency Response Fund"
"Ireland",33301074,2008,"Central Emergency Response Fund"
"Germany",14790000,2008,"Central Emergency Response Fund"
"Denmark",9931473,2008,"Central Emergency Response Fund"
"Australia",9517000,2008,"Central Emergency Response Fund"
"Finland",7791000,2008,"Central Emergency Response Fund"
"Switzerland",7241825,2008,"Central Emergency Response Fund"
"Luxembourg",6190400,2008,"Central Emergency Response Fund"
"United States of America",5e+06,2008,"Central Emergency Response Fund"
"Italy",2935400,2008,"Central Emergency Response Fund"
"Belgium",2539594,2008,"Central Emergency Response Fund"
"France",2223046,2008,"Central Emergency Response Fund"
"Japan",2169083,2008,"Central Emergency Response Fund"
"Republic of Korea",2e+06,2008,"Central Emergency Response Fund"
"Austria",1030055,2008,"Central Emergency Response Fund"
"New Zealand",1e+06,2008,"Central Emergency Response Fund"
"Iceland",611243,2008,"Central Emergency Response Fund"
"China",5e+05,2008,"Central Emergency Response Fund"
"Portugal",312400,2008,"Central Emergency Response Fund"
"Greece",3e+05,2008,"Central Emergency Response Fund"
"Turkey",3e+05,2008,"Central Emergency Response Fund"
"Poland",3e+05,2008,"Central Emergency Response Fund"
"South Africa",221538,2008,"Central Emergency Response Fund"
"Liechtenstein",196136,2008,"Central Emergency Response Fund"
"Czech Republic",153875,2008,"Central Emergency Response Fund"
"Monaco",139313,2008,"Central Emergency Response Fund"
"Malaysia",1e+05,2008,"Central Emergency Response Fund"
"Qatar",1e+05,2008,"Central Emergency Response Fund"
"Mexico",1e+05,2008,"Central Emergency Response Fund"
"Chile",1e+05,2008,"Central Emergency Response Fund"
"Saudi Arabia",1e+05,2008,"Central Emergency Response Fund"
"Indonesia",1e+05,2008,"Central Emergency Response Fund"
"Estonia",91200,2008,"Central Emergency Response Fund"
"Kuwait",50000,2008,"Central Emergency Response Fund"
"Brazil",50000,2008,"Central Emergency Response Fund"
"Kazakhstan",50000,2008,"Central Emergency Response Fund"
"United Arab Emirates",50000,2008,"Central Emergency Response Fund"
"Slovenia",50000,2008,"Central Emergency Response Fund"
"Croatia",34000,2008,"Central Emergency Response Fund"
"Andorra",33495,2008,"Central Emergency Response Fund"
"Argentina",30000,2008,"Central Emergency Response Fund"
"Lithuania",20845,2008,"Central Emergency Response Fund"
"Ecuador",20000,2008,"Central Emergency Response Fund"
"Thailand",20000,2008,"Central Emergency Response Fund"
"Trinidad and Tobago",20000,2008,"Central Emergency Response Fund"
"Pakistan",20000,2008,"Central Emergency Response Fund"
"Hungary",20000,2008,"Central Emergency Response Fund"
"Latvia",20000,2008,"Central Emergency Response Fund"
"Israel",15000,2008,"Central Emergency Response Fund"
"Egypt",15000,2008,"Central Emergency Response Fund"
"Peru",10000,2008,"Central Emergency Response Fund"
"Guatemala",10000,2008,"Central Emergency Response Fund"
"Bulgaria",10000,2008,"Central Emergency Response Fund"
"Algeria",10000,2008,"Central Emergency Response Fund"
"Mongolia",10000,2008,"Central Emergency Response Fund"
"Sri Lanka",9982,2008,"Central Emergency Response Fund"
"Holy See*",5000,2008,"Central Emergency Response Fund"
"Morocco",5000,2008,"Central Emergency Response Fund"
"Tunisia",5000,2008,"Central Emergency Response Fund"
"Philippines",5000,2008,"Central Emergency Response Fund"
"Ghana",5000,2008,"Central Emergency Response Fund"
"Bangladesh",5000,2008,"Central Emergency Response Fund"
"Armenia",5000,2008,"Central Emergency Response Fund"
"Bosnia and Herzegovina",5000,2008,"Central Emergency Response Fund"
"Syrian Arab Republic",5000,2008,"Central Emergency Response Fund"
"Antigua and Barbuda",5000,2008,"Central Emergency Response Fund"
"Botswana",5000,2008,"Central Emergency Response Fund"
"Guyana",4913,2008,"Central Emergency Response Fund"
"San Marino",4413,2008,"Central Emergency Response Fund"
"Albania",3000,2008,"Central Emergency Response Fund"
"Montenegro",2500,2008,"Central Emergency Response Fund"
"The former Yugoslav Republic of Macedonia",2000,2008,"Central Emergency Response Fund"
"Bhutan",1480,2008,"Central Emergency Response Fund"
"Maldives",1000,2008,"Central Emergency Response Fund"
"Price Waterhouse Coopers",5e+05,2008,"Central Emergency Response Fund"
"SCOR Group",2e+05,2008,"Central Emergency Response Fund"
"Private Donations through UNF",118201,2008,"Central Emergency Response Fund"
"Western Union Foundation",1e+05,2008,"Central Emergency Response Fund"
"Alexander Bodini Foundation",10000,2008,"Central Emergency Response Fund"
"Disaster Resource Network",5000,2008,"Central Emergency Response Fund"
"Private donations outside United Nations Foundation (under $10,000)",3515,2008,"Central Emergency Response Fund"
"Humanity First",2500,2008,"Central Emergency Response Fund"
"United Kingdom",64262000,2009,"Central Emergency Response Fund"
"Netherlands",55668000,2009,"Central Emergency Response Fund"
"Sweden",49367572,2009,"Central Emergency Response Fund"
"Spain",44348982,2009,"Central Emergency Response Fund"
"Norway",42734983,2009,"Central Emergency Response Fund"
"Canada",34566877,2009,"Central Emergency Response Fund"
"Ireland",27179610,2009,"Central Emergency Response Fund"
"Germany",19522484,2009,"Central Emergency Response Fund"
"Denmark",8544087,2009,"Central Emergency Response Fund"
"Finland",8198400,2009,"Central Emergency Response Fund"
"Australia",7821600,2009,"Central Emergency Response Fund"
"Belgium",7272905,2009,"Central Emergency Response Fund"
"Luxembourg",5696400,2009,"Central Emergency Response Fund"
"Switzerland",4657370,2009,"Central Emergency Response Fund"
"Republic of Korea",3e+06,2009,"Central Emergency Response Fund"
"Italy",1358868,2009,"Central Emergency Response Fund"
"New Zealand",1e+06,2009,"Central Emergency Response Fund"
"Japan",1e+06,2009,"Central Emergency Response Fund"
"Greece",5e+05,2009,"Central Emergency Response Fund"
"China",5e+05,2009,"Central Emergency Response Fund"
"India",5e+05,2009,"Central Emergency Response Fund"
"Austria",424740,2009,"Central Emergency Response Fund"
"Poland",3e+05,2009,"Central Emergency Response Fund"
"Portugal",263020,2009,"Central Emergency Response Fund"
"Liechtenstein",230840,2009,"Central Emergency Response Fund"
"Iceland",2e+05,2009,"Central Emergency Response Fund"
"Turkey",2e+05,2009,"Central Emergency Response Fund"
"South Africa",180000,2009,"Central Emergency Response Fund"
"Mexico",150000,2009,"Central Emergency Response Fund"
"Saudi Arabia",150000,2009,"Central Emergency Response Fund"
"Brazil",149985,2009,"Central Emergency Response Fund"
"Czech Republic",143176,2009,"Central Emergency Response Fund"
"Monaco",141692,2009,"Central Emergency Response Fund"
"Indonesia",125000,2009,"Central Emergency Response Fund"
"Malaysia",1e+05,2009,"Central Emergency Response Fund"
"Estonia",80845,2009,"Central Emergency Response Fund"
"Slovenia",66588,2009,"Central Emergency Response Fund"
"Hungary",54088,2009,"Central Emergency Response Fund"
"Qatar",50000,2009,"Central Emergency Response Fund"
"Kuwait",50000,2009,"Central Emergency Response Fund"
"Kazakhstan",50000,2009,"Central Emergency Response Fund"
"Colombia",40000,2009,"Central Emergency Response Fund"
"Andorra",38986,2009,"Central Emergency Response Fund"
"Argentina",30000,2009,"Central Emergency Response Fund"
"San Marino",30000,2009,"Central Emergency Response Fund"
"Oman",30000,2009,"Central Emergency Response Fund"
"Croatia",24000,2009,"Central Emergency Response Fund"
"Trinidad and Tobago",20000,2009,"Central Emergency Response Fund"
"Chile",20000,2009,"Central Emergency Response Fund"
"Egypt",15000,2009,"Central Emergency Response Fund"
"Pakistan",15000,2009,"Central Emergency Response Fund"
"Israel",15000,2009,"Central Emergency Response Fund"
"Bulgaria",14966,2009,"Central Emergency Response Fund"
"Peru",10000,2009,"Central Emergency Response Fund"
"Myanmar",10000,2009,"Central Emergency Response Fund"
"Algeria",10000,2009,"Central Emergency Response Fund"
"Ghana",10000,2009,"Central Emergency Response Fund"
"Viet Nam",10000,2009,"Central Emergency Response Fund"
"Sri Lanka",10000,2009,"Central Emergency Response Fund"
"Republic of Moldova",10000,2009,"Central Emergency Response Fund"
"Philippines",10000,2009,"Central Emergency Response Fund"
"Slovakia",10000,2009,"Central Emergency Response Fund"
"Azerbaijan",10000,2009,"Central Emergency Response Fund"
"Kenya",9895,2009,"Central Emergency Response Fund"
"Holy See*",5000,2009,"Central Emergency Response Fund"
"Morocco",5000,2009,"Central Emergency Response Fund"
"Venezuela",5000,2009,"Central Emergency Response Fund"
"Armenia",5000,2009,"Central Emergency Response Fund"
"Jamaica",5000,2009,"Central Emergency Response Fund"
"Syrian Arab Republic",5000,2009,"Central Emergency Response Fund"
"Antigua and Barbuda",5000,2009,"Central Emergency Response Fund"
"Montenegro",4975,2009,"Central Emergency Response Fund"
"Albania",3500,2009,"Central Emergency Response Fund"
"Lao People's Democratic Republic",3000,2009,"Central Emergency Response Fund"
"Republic of Congo",2256,2009,"Central Emergency Response Fund"
"Mozambique",2000,2009,"Central Emergency Response Fund"
"Samoa",2000,2009,"Central Emergency Response Fund"
"Afghanistan",1500,2009,"Central Emergency Response Fund"
"Benin",1500,2009,"Central Emergency Response Fund"
"Haiti",1480,2009,"Central Emergency Response Fund"
"Bhutan",1480,2009,"Central Emergency Response Fund"
"Timor-Leste",1200,2009,"Central Emergency Response Fund"
"Tuvalu",1000,2009,"Central Emergency Response Fund"
"Namibia",1000,2009,"Central Emergency Response Fund"
"Abu Dhabi National Energy Company «TAQA»",150000,2009,"Central Emergency Response Fund"
"Western Union Foundation",1e+05,2009,"Central Emergency Response Fund"
"HSBC Bank Middle East Limited",1e+05,2009,"Central Emergency Response Fund"
"Private Donations through UNF",56030,2009,"Central Emergency Response Fund"
"Alexander Bodini Foundation",15000,2009,"Central Emergency Response Fund"
"The Estate of George Gary",10408,2009,"Central Emergency Response Fund"
"Baha'I International Community (National Spiritual Assembly)",10000,2009,"Central Emergency Response Fund"
"Red Crescent of UAE",9982,2009,"Central Emergency Response Fund"
"Private donations outside United Nations Foundation (under $10,000)",1400,2009,"Central Emergency Response Fund"
"Norway",65483535,2010,"Central Emergency Response Fund"
"Sweden",64369548,2010,"Central Emergency Response Fund"
"United Kingdom",60005700,2010,"Central Emergency Response Fund"
"Netherlands",54984000,2010,"Central Emergency Response Fund"
"Spain",39585000,2010,"Central Emergency Response Fund"
"Canada",37328450,2010,"Central Emergency Response Fund"
"Germany",21735000,2010,"Central Emergency Response Fund"
"Denmark",11135478,2010,"Central Emergency Response Fund"
"Australia",10986000,2010,"Central Emergency Response Fund"
"United States of America",1e+07,2010,"Central Emergency Response Fund"
"Belgium",8387538,2010,"Central Emergency Response Fund"
"Finland",8079000,2010,"Central Emergency Response Fund"
"Luxembourg",5775000,2010,"Central Emergency Response Fund"
"Ireland",5099972,2010,"Central Emergency Response Fund"
"Switzerland",4568942,2010,"Central Emergency Response Fund"
"Republic of Korea",3e+06,2010,"Central Emergency Response Fund"
"Japan",2e+06,2010,"Central Emergency Response Fund"
"Russian Federation",2e+06,2010,"Central Emergency Response Fund"
"Italy",1502270,2010,"Central Emergency Response Fund"
"China",1500000,2010,"Central Emergency Response Fund"
"New Zealand",1e+06,2010,"Central Emergency Response Fund"
"France",657250,2010,"Central Emergency Response Fund"
"Austria",548400,2010,"Central Emergency Response Fund"
"Ukraine",503310,2010,"Central Emergency Response Fund"
"India",5e+05,2010,"Central Emergency Response Fund"
"Greece",5e+05,2010,"Central Emergency Response Fund"
"Portugal",286000,2010,"Central Emergency Response Fund"
"South Africa",263540,2010,"Central Emergency Response Fund"
"Poland",250000,2010,"Central Emergency Response Fund"
"Liechtenstein",235073,2010,"Central Emergency Response Fund"
"Turkey",2e+05,2010,"Central Emergency Response Fund"
"Brazil",2e+05,2010,"Central Emergency Response Fund"
"Central African Republic",197239,2010,"Central Emergency Response Fund"
"Mexico",150000,2010,"Central Emergency Response Fund"
"Indonesia",150000,2010,"Central Emergency Response Fund"
"Romania",136900,2010,"Central Emergency Response Fund"
"Monaco",134778,2010,"Central Emergency Response Fund"
"Iceland",1e+05,2010,"Central Emergency Response Fund"
"San Marino",1e+05,2010,"Central Emergency Response Fund"
"Estonia",74057,2010,"Central Emergency Response Fund"
"Argentina",50000,2010,"Central Emergency Response Fund"
"United Arab Emirates",50000,2010,"Central Emergency Response Fund"
"Kazakhstan",50000,2010,"Central Emergency Response Fund"
"Andorra",46527,2010,"Central Emergency Response Fund"
"Kuwait",34600,2010,"Central Emergency Response Fund"
"Colombia",30000,2010,"Central Emergency Response Fund"
"Singapore",30000,2010,"Central Emergency Response Fund"
"Chile",30000,2010,"Central Emergency Response Fund"
"Cyprus",30000,2010,"Central Emergency Response Fund"
"Croatia",25000,2010,"Central Emergency Response Fund"
"Latvia",20673,2010,"Central Emergency Response Fund"
"Israel",20000,2010,"Central Emergency Response Fund"
"Trinidad and Tobago",20000,2010,"Central Emergency Response Fund"
"Pakistan",19171,2010,"Central Emergency Response Fund"
"Egypt",15000,2010,"Central Emergency Response Fund"
"Slovenia",13617,2010,"Central Emergency Response Fund"
"Philippines",10000,2010,"Central Emergency Response Fund"
"Algeria",10000,2010,"Central Emergency Response Fund"
"Republic of Moldova",10000,2010,"Central Emergency Response Fund"
"Myanmar",10000,2010,"Central Emergency Response Fund"
"Viet Nam",10000,2010,"Central Emergency Response Fund"
"Sri Lanka",10000,2010,"Central Emergency Response Fund"
"Costa Rica",9643,2010,"Central Emergency Response Fund"
"Armenia",5000,2010,"Central Emergency Response Fund"
"Panama",5000,2010,"Central Emergency Response Fund"
"The former Yugoslav Republic of Macedonia",5000,2010,"Central Emergency Response Fund"
"Sovereign Military Order of Malta*",5000,2010,"Central Emergency Response Fund"
"Antigua and Barbuda",5000,2010,"Central Emergency Response Fund"
"Holy See*",5000,2010,"Central Emergency Response Fund"
"Bangladesh",5000,2010,"Central Emergency Response Fund"
"Morocco",5000,2010,"Central Emergency Response Fund"
"Syrian Arab Republic",5000,2010,"Central Emergency Response Fund"
"Montenegro",5000,2010,"Central Emergency Response Fund"
"Mozambique",4000,2010,"Central Emergency Response Fund"
"Djibouti",4000,2010,"Central Emergency Response Fund"
"Lebanon",3000,2010,"Central Emergency Response Fund"
"Georgia",2000,2010,"Central Emergency Response Fund"
"Namibia",2000,2010,"Central Emergency Response Fund"
"Madagascar",2000,2010,"Central Emergency Response Fund"
"Tajikistan",2000,2010,"Central Emergency Response Fund"
"Bhutan",1500,2010,"Central Emergency Response Fund"
"Afghanistan",1500,2010,"Central Emergency Response Fund"
"Saint Lucia",1000,2010,"Central Emergency Response Fund"
"Private Donations through UNF",1172884,2010,"Central Emergency Response Fund"
"Jefferies and Company",1e+06,2010,"Central Emergency Response Fund"
"BASF (Germany and South East Asia)",761032,2010,"Central Emergency Response Fund"
"Abu Dhabi National Energy Company «TAQA»",272257,2010,"Central Emergency Response Fund"
"United Nations Foundation Core Fund",250000,2010,"Central Emergency Response Fund"
"Price Waterhouse Coopers",2e+05,2010,"Central Emergency Response Fund"
"Western Union Foundation",150000,2010,"Central Emergency Response Fund"
"World Mission Society Church of God",1e+05,2010,"Central Emergency Response Fund"
"Private donations outside United Nations Foundation (under $10,000)",89757,2010,"Central Emergency Response Fund"
"ENDESA Spain",55193,2010,"Central Emergency Response Fund"
"Skanska USA Building Inc",50000,2010,"Central Emergency Response Fund"
"Chung Te Buddhist Association of New York, Inc",41771,2010,"Central Emergency Response Fund"
"UN Spouses Bazaar",35113,2010,"Central Emergency Response Fund"
"Latin American Benevolent Foundation",25000,2010,"Central Emergency Response Fund"
"Alexander Bodini Foundation",20000,2010,"Central Emergency Response Fund"
"United Islamic Center",20000,2010,"Central Emergency Response Fund"
"Daystar Christian Centre",20000,2010,"Central Emergency Response Fund"
"GMC Services",20000,2010,"Central Emergency Response Fund"
"Baha'I International Community (National Spiritual Assembly)",20000,2010,"Central Emergency Response Fund"
"Korean and Overseas fans of Kim Hyun Joong",19293,2010,"Central Emergency Response Fund"
"HSBC Bank Middle East Limited",16825,2010,"Central Emergency Response Fund"
"ENDESA Peru",12948,2010,"Central Emergency Response Fund"
"Bilkent Holding AS",10000,2010,"Central Emergency Response Fund"
"United Kingdom",94280000,2011,"Central Emergency Response Fund"
"Sweden",74483671,2011,"Central Emergency Response Fund"
"Norway",67966752,2011,"Central Emergency Response Fund"
"Netherlands",54460000,2011,"Central Emergency Response Fund"
"Canada",41188191,2011,"Central Emergency Response Fund"
"Spain",20091000,2011,"Central Emergency Response Fund"
"Belgium",17716150,2011,"Central Emergency Response Fund"
"Germany",16370000,2011,"Central Emergency Response Fund"
"Australia",13906200,2011,"Central Emergency Response Fund"
"Finland",9411350,2011,"Central Emergency Response Fund"
"Denmark",9182231,2011,"Central Emergency Response Fund"
"Switzerland",6072000,2011,"Central Emergency Response Fund"
"United States of America",6e+06,2011,"Central Emergency Response Fund"
"Luxembourg",5982906,2011,"Central Emergency Response Fund"
"Ireland",5466772,2011,"Central Emergency Response Fund"
"Qatar",4e+06,2011,"Central Emergency Response Fund"
"Republic of Korea",3e+06,2011,"Central Emergency Response Fund"
"Japan",3e+06,2011,"Central Emergency Response Fund"
"Russian Federation",2e+06,2011,"Central Emergency Response Fund"
"New Zealand",1478975,2011,"Central Emergency Response Fund"
"Italy",1308100,2011,"Central Emergency Response Fund"
"France",720950,2011,"Central Emergency Response Fund"
"Kuwait",675000,2011,"Central Emergency Response Fund"
"Brazil",5e+05,2011,"Central Emergency Response Fund"
"Greece",5e+05,2011,"Central Emergency Response Fund"
"China",5e+05,2011,"Central Emergency Response Fund"
"India",5e+05,2011,"Central Emergency Response Fund"
"Czech Republic",434464,2011,"Central Emergency Response Fund"
"Poland",326051,2011,"Central Emergency Response Fund"
"Mexico",3e+05,2011,"Central Emergency Response Fund"
"Austria",289180,2011,"Central Emergency Response Fund"
"Liechtenstein",281532,2011,"Central Emergency Response Fund"
"South Africa",272480,2011,"Central Emergency Response Fund"
"Portugal",267180,2011,"Central Emergency Response Fund"
"Turkey",250000,2011,"Central Emergency Response Fund"
"Indonesia",175000,2011,"Central Emergency Response Fund"
"Monaco",140116,2011,"Central Emergency Response Fund"
"Malaysia",1e+05,2011,"Central Emergency Response Fund"
"Nigeria",99852,2011,"Central Emergency Response Fund"
"Estonia",92302,2011,"Central Emergency Response Fund"
"Slovenia",70990,2011,"Central Emergency Response Fund"
"Romania",70900,2011,"Central Emergency Response Fund"
"Hungary",60000,2011,"Central Emergency Response Fund"
"Argentina",58394,2011,"Central Emergency Response Fund"
"Brunei Darussalam",50000,2011,"Central Emergency Response Fund"
"Singapore",50000,2011,"Central Emergency Response Fund"
"San Marino",50000,2011,"Central Emergency Response Fund"
"United Arab Emirates",50000,2011,"Central Emergency Response Fund"
"Kazakhstan",49964,2011,"Central Emergency Response Fund"
"Chile",30000,2011,"Central Emergency Response Fund"
"Andorra",28128,2011,"Central Emergency Response Fund"
"Cyprus",27600,2011,"Central Emergency Response Fund"
"Israel",20000,2011,"Central Emergency Response Fund"
"Viet Nam",10000,2011,"Central Emergency Response Fund"
"Colombia",10000,2011,"Central Emergency Response Fund"
"Philippines",10000,2011,"Central Emergency Response Fund"
"Azerbaijan",10000,2011,"Central Emergency Response Fund"
"Bangladesh",10000,2011,"Central Emergency Response Fund"
"Myanmar",10000,2011,"Central Emergency Response Fund"
"Algeria",10000,2011,"Central Emergency Response Fund"
"Sri Lanka",10000,2011,"Central Emergency Response Fund"
"Sovereign Military Order of Malta*",5000,2011,"Central Emergency Response Fund"
"Montenegro",5000,2011,"Central Emergency Response Fund"
"Morocco",5000,2011,"Central Emergency Response Fund"
"Ecuador",5000,2011,"Central Emergency Response Fund"
"Armenia",5000,2011,"Central Emergency Response Fund"
"Holy See*",5000,2011,"Central Emergency Response Fund"
"Cöte d'Ivoire",5000,2011,"Central Emergency Response Fund"
"Albania",4000,2011,"Central Emergency Response Fund"
"Lao People's Democratic Republic",3000,2011,"Central Emergency Response Fund"
"Guyana",2191,2011,"Central Emergency Response Fund"
"Serbia",2000,2011,"Central Emergency Response Fund"
"Namibia",2000,2011,"Central Emergency Response Fund"
"Bhutan",1500,2011,"Central Emergency Response Fund"
"Republic of Moldova",1000,2011,"Central Emergency Response Fund"
"Maldives",1000,2011,"Central Emergency Response Fund"
"Afghanistan",500,2011,"Central Emergency Response Fund"
"Saint Lucia",500,2011,"Central Emergency Response Fund"
"Regional Government of Flanders",421080,2011,"Central Emergency Response Fund"
"Private Donations through UNF",145930,2011,"Central Emergency Response Fund"
"Western Union Foundation",1e+05,2011,"Central Emergency Response Fund"
"Kimse Yok Mu Association",10000,2011,"Central Emergency Response Fund"
"Private donations outside United Nations Foundation (under $10,000)",7850,2011,"Central Emergency Response Fund"
"United Kingdom",95148000,2012,"Central Emergency Response Fund"
"Norway",73945027,2012,"Central Emergency Response Fund"
"Sweden",72132873,2012,"Central Emergency Response Fund"
"Netherlands",52484000,2012,"Central Emergency Response Fund"
"Denmark",23008541,2012,"Central Emergency Response Fund"
"Belgium",19633125,2012,"Central Emergency Response Fund"
"Germany",19402500,2012,"Central Emergency Response Fund"
"Australia",16272000,2012,"Central Emergency Response Fund"
"Finland",8517600,2012,"Central Emergency Response Fund"
"Qatar",3e+06,2012,"Central Emergency Response Fund"
"Switzerland",5951684,2012,"Central Emergency Response Fund"
"Luxembourg",5577689,2012,"Central Emergency Response Fund"
"Ireland",5160772,2012,"Central Emergency Response Fund"
"United States of America",5e+06,2012,"Central Emergency Response Fund"
"Republic of Korea",4e+06,2012,"Central Emergency Response Fund"
"Japan",2700000,2012,"Central Emergency Response Fund"
"Spain",2608200,2012,"Central Emergency Response Fund"
"Russian Federation",2e+06,2012,"Central Emergency Response Fund"
"New Zealand",1679375,2012,"Central Emergency Response Fund"
"Kuwait",1e+06,2012,"Central Emergency Response Fund"
"Brazil",750000,2012,"Central Emergency Response Fund"
"Italy",645900,2012,"Central Emergency Response Fund"
"China",5e+05,2012,"Central Emergency Response Fund"
"India",5e+05,2012,"Central Emergency Response Fund"
"France",392670,2012,"Central Emergency Response Fund"
"Mexico",3e+05,2012,"Central Emergency Response Fund"
"Liechtenstein",272747,2012,"Central Emergency Response Fund"
"Poland",264200,2012,"Central Emergency Response Fund"
"Austria",262080,2012,"Central Emergency Response Fund"
"Portugal",253520,2012,"Central Emergency Response Fund"
"South Africa",243457,2012,"Central Emergency Response Fund"
"Turkey",2e+05,2012,"Central Emergency Response Fund"
"Indonesia",2e+05,2012,"Central Emergency Response Fund"
"Czech Republic",124372,2012,"Central Emergency Response Fund"
"Estonia",100185,2012,"Central Emergency Response Fund"
"Colombia",1e+05,2012,"Central Emergency Response Fund"
"Kazakhstan",99945,2012,"Central Emergency Response Fund"
"Romania",92461,2012,"Central Emergency Response Fund"
"Argentina",68000,2012,"Central Emergency Response Fund"
"Monaco",64715,2012,"Central Emergency Response Fund"
"United Arab Emirates",50000,2012,"Central Emergency Response Fund"
"Albania",50000,2012,"Central Emergency Response Fund"
"Malaysia",50000,2012,"Central Emergency Response Fund"
"Iceland",50000,2012,"Central Emergency Response Fund"
"Singapore",50000,2012,"Central Emergency Response Fund"
"Chile",30000,2012,"Central Emergency Response Fund"
"San Marino",27291,2012,"Central Emergency Response Fund"
"Andorra",26316,2012,"Central Emergency Response Fund"
"Thailand",20000,2012,"Central Emergency Response Fund"
"Israel",20000,2012,"Central Emergency Response Fund"
"Egypt",15000,2012,"Central Emergency Response Fund"
"Ghana",15000,2012,"Central Emergency Response Fund"
"Lithuania",10000,2012,"Central Emergency Response Fund"
"Viet Nam",10000,2012,"Central Emergency Response Fund"
"Sri Lanka",10000,2012,"Central Emergency Response Fund"
"Pakistan",10000,2012,"Central Emergency Response Fund"
"Myanmar",10000,2012,"Central Emergency Response Fund"
"Montenegro",5000,2012,"Central Emergency Response Fund"
"Armenia",5000,2012,"Central Emergency Response Fund"
"Uruguay",5000,2012,"Central Emergency Response Fund"
"Peru",5000,2012,"Central Emergency Response Fund"
"Sovereign Military Order of Malta*",5000,2012,"Central Emergency Response Fund"
"Bhutan",1500,2012,"Central Emergency Response Fund"
"Guyana",2196,2012,"Central Emergency Response Fund"
"Mozambique",2000,2012,"Central Emergency Response Fund"
"Republic of Moldova",2000,2012,"Central Emergency Response Fund"
"Tajikistan",2000,2012,"Central Emergency Response Fund"
"Afghanistan",1000,2012,"Central Emergency Response Fund"
"Regional Government of Flanders",380940,2012,"Central Emergency Response Fund"
"Western Union Foundation",150000,2012,"Central Emergency Response Fund"
"Private Donations through UNF",36586,2012,"Central Emergency Response Fund"
"Baha'I International Community (National Spiritual Assembly)",20000,2012,"Central Emergency Response Fund"
"Private donations outside United Nations Foundation (under $10,000)",5000,2012,"Central Emergency Response Fund"
"United Kingdom",111230500,2013,"Central Emergency Response Fund"
"Norway",68265453,2013,"Central Emergency Response Fund"
"Netherlands",52124000,2013,"Central Emergency Response Fund"
"Sweden",71687729,2013,"Central Emergency Response Fund"
"Denmark",24065368,2013,"Central Emergency Response Fund"
"Germany",20313000,2013,"Central Emergency Response Fund"
"Australia",18566600,2013,"Central Emergency Response Fund"
"Canada",28809407,2013,"Central Emergency Response Fund"
"Ireland",13009444,2013,"Central Emergency Response Fund"
"Belgium",19053650,2013,"Central Emergency Response Fund"
"Finland",9111900,2013,"Central Emergency Response Fund"
"Luxembourg",5747126,2013,"Central Emergency Response Fund"
"United States of America",4e+06,2013,"Central Emergency Response Fund"
"Republic of Korea",4e+06,2013,"Central Emergency Response Fund"
"Switzerland",7549268,2013,"Central Emergency Response Fund"
"Spain",6617500,2013,"Central Emergency Response Fund"
"Qatar",1500000,2013,"Central Emergency Response Fund"
"New Zealand",1670425,2013,"Central Emergency Response Fund"
"Japan",2987013,2013,"Central Emergency Response Fund"
"Brazil",1e+06,2013,"Central Emergency Response Fund"
"Italy",653350,2013,"Central Emergency Response Fund"
"Kuwait",5e+05,2013,"Central Emergency Response Fund"
"Russian Federation",1e+06,2013,"Central Emergency Response Fund"
"Saudi Arabia",450000,2013,"Central Emergency Response Fund"
"Liechtenstein",272242,2013,"Central Emergency Response Fund"
"Austria",271600,2013,"Central Emergency Response Fund"
"China",5e+05,2013,"Central Emergency Response Fund"
"India",5e+05,2013,"Central Emergency Response Fund"
"Turkey",250000,2013,"Central Emergency Response Fund"
"Indonesia",2e+05,2013,"Central Emergency Response Fund"
"France",393300,2013,"Central Emergency Response Fund"
"Mexico",350000,2013,"Central Emergency Response Fund"
"South Africa",274469,2013,"Central Emergency Response Fund"
"Poland",248162,2013,"Central Emergency Response Fund"
"Estonia",102864,2013,"Central Emergency Response Fund"
"United Arab Emirates",70000,2013,"Central Emergency Response Fund"
"Argentina",70000,2013,"Central Emergency Response Fund"
"Iceland",130000,2013,"Central Emergency Response Fund"
"Colombia",1e+05,2013,"Central Emergency Response Fund"
"Greece",50000,2013,"Central Emergency Response Fund"
"Slovenia",68726,2013,"Central Emergency Response Fund"
"Romania",34348,2013,"Central Emergency Response Fund"
"Portugal",67655,2013,"Central Emergency Response Fund"
"Monaco",64990,2013,"Central Emergency Response Fund"
"Chile",30000,2013,"Central Emergency Response Fund"
"Singapore",50000,2013,"Central Emergency Response Fund"
"Latvia",41027,2013,"Central Emergency Response Fund"
"Thailand",20000,2013,"Central Emergency Response Fund"
"Azerbaijan",39820,2013,"Central Emergency Response Fund"
"Hungary",20098,2013,"Central Emergency Response Fund"
"Peru",25000,2013,"Central Emergency Response Fund"
"Myanmar",10000,2013,"Central Emergency Response Fund"
"Sri Lanka",10000,2013,"Central Emergency Response Fund"
"Andorra",19646,2013,"Central Emergency Response Fund"
"Sovereign Military Order of Malta*",5000,2013,"Central Emergency Response Fund"
"Viet Nam",10000,2013,"Central Emergency Response Fund"
"Pakistan",10000,2013,"Central Emergency Response Fund"
"Mongolia",10000,2013,"Central Emergency Response Fund"
"Serbia",7000,2013,"Central Emergency Response Fund"
"Uruguay",5000,2013,"Central Emergency Response Fund"
"Armenia",5000,2013,"Central Emergency Response Fund"
"Montenegro",3000,2013,"Central Emergency Response Fund"
"Guyana",2184,2013,"Central Emergency Response Fund"
"Mozambique",2000,2013,"Central Emergency Response Fund"
"Bhutan",1500,2013,"Central Emergency Response Fund"
"Afghanistan",1000,2013,"Central Emergency Response Fund"
"Regional Government of Flanders",401430,2013,"Central Emergency Response Fund"
"Western Union Foundation",50000,2013,"Central Emergency Response Fund"
"Lenovo Next Generation Hope Fund",25000,2013,"Central Emergency Response Fund"
"Private Donations through UNF",15787,2013,"Central Emergency Response Fund"
"Baha'I International Community (National Spiritual Assembly)",10000,2013,"Central Emergency Response Fund"
"Private donations outside United Nations Foundation (under $10,000)",882,2013,"Central Emergency Response Fund"
"United Kingdom",113185500,2014,"Central Emergency Response Fund"
"Sweden",72656099,2014,"Central Emergency Response Fund"
"Norway",66113109,2014,"Central Emergency Response Fund"
"Netherlands",54956000,2014,"Central Emergency Response Fund"
"Germany",29819244,2014,"Central Emergency Response Fund"
"Canada",26719985,2014,"Central Emergency Response Fund"
"Denmark",25993457,2014,"Central Emergency Response Fund"
"Belgium",17588690,2014,"Central Emergency Response Fund"
"Australia",14580884,2014,"Central Emergency Response Fund"
"Ireland",12183300,2014,"Central Emergency Response Fund"
"Finland",9705500,2014,"Central Emergency Response Fund"
"Switzerland",7860763,2014,"Central Emergency Response Fund"
"Luxembourg",5082592,2014,"Central Emergency Response Fund"
"Spain",2490000,2014,"Central Emergency Response Fund"
"Republic of Korea",4e+06,2014,"Central Emergency Response Fund"
"United States of America",4e+06,2014,"Central Emergency Response Fund"
"Italy",1161383,2014,"Central Emergency Response Fund"
"New Zealand",2563200,2014,"Central Emergency Response Fund"
"Brazil",7e+05,2014,"Central Emergency Response Fund"
"Japan",1590814,2014,"Central Emergency Response Fund"
"Russian Federation",1500000,2014,"Central Emergency Response Fund"
"Mexico",5e+05,2014,"Central Emergency Response Fund"
"Kuwait",5e+05,2014,"Central Emergency Response Fund"
"China",5e+05,2014,"Central Emergency Response Fund"
"India",5e+05,2014,"Central Emergency Response Fund"
"Turkey",449630,2014,"Central Emergency Response Fund"
"Liechtenstein",278118,2014,"Central Emergency Response Fund"
"South Africa",243641,2014,"Central Emergency Response Fund"
"Poland",212850,2014,"Central Emergency Response Fund"
"Indonesia",2e+05,2014,"Central Emergency Response Fund"
"Argentina",45000,2014,"Central Emergency Response Fund"
"Estonia",135580,2014,"Central Emergency Response Fund"
"Czech Republic",116213,2014,"Central Emergency Response Fund"
"Iceland",1e+05,2014,"Central Emergency Response Fund"
"United Arab Emirates",1e+05,2014,"Central Emergency Response Fund"
"Mali",1e+05,2014,"Central Emergency Response Fund"
"Monaco",67940,2014,"Central Emergency Response Fund"
"Portugal",67655,2014,"Central Emergency Response Fund"
"Trinidad and Tobago",20000,2014,"Central Emergency Response Fund"
"Romania",53000,2014,"Central Emergency Response Fund"
"Singapore",50000,2014,"Central Emergency Response Fund"
"Hungary",48047,2014,"Central Emergency Response Fund"
"Kazakhstan",10000,2014,"Central Emergency Response Fund"
"Chile",30000,2014,"Central Emergency Response Fund"
"Andorra",20538,2014,"Central Emergency Response Fund"
"Thailand",20000,2014,"Central Emergency Response Fund"
"Myanmar",10000,2014,"Central Emergency Response Fund"
"Pakistan",10000,2014,"Central Emergency Response Fund"
"San Marino",9970,2014,"Central Emergency Response Fund"
"Armenia",5000,2014,"Central Emergency Response Fund"
"Sovereign Military Order of Malta*",5000,2014,"Central Emergency Response Fund"
"Peru",4674,2014,"Central Emergency Response Fund"
"Guyana",2179,2014,"Central Emergency Response Fund"
"Regional Government of Flanders",410100,2014,"Central Emergency Response Fund"
"State of South Australia",308144,2014,"Central Emergency Response Fund"
"Private Donations through UNF",119661,2014,"Central Emergency Response Fund"
"UN Spouses Bazaar",59967,2014,"Central Emergency Response Fund"
"Cigna Foundation",50000,2014,"Central Emergency Response Fund"
"Chih-Kun Chan",10000,2014,"Central Emergency Response Fund"
"Private donations outside United Nations Foundation (under $10,000)",300,2014,"Central Emergency Response Fund"
"United Kingdom",83200500,2015,"Central Emergency Response Fund"
"Netherlands",59169000,2015,"Central Emergency Response Fund"
"Norway",47614274,2015,"Central Emergency Response Fund"
"Sweden",49466092,2015,"Central Emergency Response Fund"
"Canada",24418604,2015,"Central Emergency Response Fund"
"Germany",21459980,2015,"Central Emergency Response Fund"
"Belgium",10969000,2015,"Central Emergency Response Fund"
"Denmark",14556040,2015,"Central Emergency Response Fund"
"Ireland",12212000,2015,"Central Emergency Response Fund"
"Finland",7770000,2015,"Central Emergency Response Fund"
"Switzerland",7309660,2015,"Central Emergency Response Fund"
"Luxembourg",4277200,2015,"Central Emergency Response Fund"
"Australia",9223031,2015,"Central Emergency Response Fund"
"Republic of Korea",4500000,2015,"Central Emergency Response Fund"
"United States of America",3e+06,2015,"Central Emergency Response Fund"
"Spain",,2015,"Central Emergency Response Fund"
"New Zealand",2337600,2015,"Central Emergency Response Fund"
"Russian Federation",1500000,2015,"Central Emergency Response Fund"
"United Arab Emirates",1e+06,2015,"Central Emergency Response Fund"
"Kuwait",1e+06,2015,"Central Emergency Response Fund"
"Japan",1402809,2015,"Central Emergency Response Fund"
"Italy",1104500,2015,"Central Emergency Response Fund"
"India",5e+05,2015,"Central Emergency Response Fund"
"Turkey",,2015,"Central Emergency Response Fund"
"Liechtenstein",271768,2015,"Central Emergency Response Fund"
"Mexico",250000,2015,"Central Emergency Response Fund"
"China",5e+05,2015,"Central Emergency Response Fund"
"Indonesia",,2015,"Central Emergency Response Fund"
"Saudi Arabia",,2015,"Central Emergency Response Fund"
"Estonia",125100,2015,"Central Emergency Response Fund"
"Colombia",235000,2015,"Central Emergency Response Fund"
"South Africa",172562,2015,"Central Emergency Response Fund"
"Portugal",59034,2015,"Central Emergency Response Fund"
"Argentina",,2015,"Central Emergency Response Fund"
"Monaco",52303,2015,"Central Emergency Response Fund"
"Iceland",1e+05,2015,"Central Emergency Response Fund"
"Malaysia",50000,2015,"Central Emergency Response Fund"
"Singapore",50000,2015,"Central Emergency Response Fund"
"Lithuania",21655,2015,"Central Emergency Response Fund"
"Thailand",20000,2015,"Central Emergency Response Fund"
"Chile",30000,2015,"Central Emergency Response Fund"
"Philippines",,2015,"Central Emergency Response Fund"
"Pakistan",,2015,"Central Emergency Response Fund"
"Myanmar",10000,2015,"Central Emergency Response Fund"
"Viet Nam",10000,2015,"Central Emergency Response Fund"
"Cöte d'Ivoire",,2015,"Central Emergency Response Fund"
"Kazakhstan",,2015,"Central Emergency Response Fund"
"Andorra",11477,2015,"Central Emergency Response Fund"
"Armenia",5000,2015,"Central Emergency Response Fund"
"Mongolia",,2015,"Central Emergency Response Fund"
"Sovereign Military Order of Malta*",5000,2015,"Central Emergency Response Fund"
"Serbia",5000,2015,"Central Emergency Response Fund"
"Peru",4167,2015,"Central Emergency Response Fund"
"Guyana",2179,2015,"Central Emergency Response Fund"
"Djibouti",,2015,"Central Emergency Response Fund"
"Regional Government of Flanders",345690,2015,"Central Emergency Response Fund"
"Coloplast Corp",15000,2015,"Central Emergency Response Fund"
"KK Wind Solutions - Denmark",1506,2015,"Central Emergency Response Fund"
"Private Donations through UNF",1000,2015,"Central Emergency Response Fund"
"Check Domroe",40,2015,"Central Emergency Response Fund"
